ESTRANA	PORCISLO	JMENO	PRIJMENI	TITULPRED	TITULZA	VEK	STATOBCAN	POVOLANI	BYDLISTEN	BYDLISTEK	PSTRANA	NSTRANA	PLATNOST	POCHLASU	POCPROC	MANDAT	PORADIMAND	PORADINAHR	POHLAVI	ROK	VSTRANA
1	1	Jiří	Domlátil	Ing.		73	CZ	stavební inženýr, předseda KAN	Praha	1	40	40	A	117	4.53	N	0	0	Muž (M)	2019	40
1	2	Stanislav	Pochman			55	CZ	výrobní dispečer	Chodov	553735	40	40	A	103	3.99	N	0	0	M	2019	40
1	3	Romana	Šimková	Ing.		31	CZ	Pricing & Merchandising Coordinator	Praha	1	40	40	A	88	3.41	N	0	0	F	2019	40
1	4	Jiří	Schmidt	Mgr. et Mgr.		63	CZ	pedagog	Příbram	539911	99	40	A	95	3.68	N	0	0	M	2019	40
1	5	Karel	Protiva	MUDr.		67	CZ	zubní lékař	Kladno	532053	40	40	A	59	2.28	N	0	0	M	2019	40
1	6	Marie	Gottfriedová	Mgr.		44	CZ	ředitelka základní školy	Trmice	553697	99	40	A	141	5.46	N	0	0	F	2019	40
1	7	David	Navara	Mgr.		42	CZ	programátor	Jindřichův Hradec	545881	99	40	A	68	2.63	N	0	0	M	2019	40
1	8	Milan	Tausch	Ing.		52	CZ	ekonom	Plzeň	2	40	40	A	47	1.82	N	0	0	M	2019	40
1	9	Hana	Matějková	Mgr.		49	CZ	učitelka	Plzeň	2	99	40	A	78	3.02	N	0	0	F	2019	40
1	10	Vladimír	Rott		MSc	68	CZ	architekt, ekonom	Praha	1	40	40	A	21	.81	N	0	0	M	2019	40
1	11	Alexis	Katakalidis		MSc	30	CZ	učitel	Praha	1	99	40	A	61	2.36	N	0	0	M	2019	40
1	12	Jolana	Bradová	Ing.		52	CZ	vodohospodář	Plzeň	2	99	40	A	60	2.32	N	0	0	F	2019	40
1	13	Jaroslav	Šesták	Prof. Ing.	DrSc., Dr.h.c.	80	CZ	badatel, nositel Medaile Za zásluhy I. stupně	Praha	1	99	40	A	47	1.82	N	0	0	M	2019	40
1	14	Václav	Baroch	Mgr. Ing.	Ph.D.	43	CZ	informatik a ekonom	Praha	1	99	40	A	40	1.55	N	0	0	M	2019	40
1	15	Bohuslav	Hamáček			69	CZ	požární technik	Praha	1	40	40	A	32	1.24	N	0	0	M	2019	40
1	16	Radek	Hruška			43	CZ	programátor	Vinařice	534234	40	40	A	36	1.39	N	0	0	M	2019	40
1	17	Pavel	Komrska	Ing.		60	CZ	konzultant	Příbram	539911	99	40	A	37	1.43	N	0	0	M	2019	40
1	18	Barnabáš	Bíro			73	CZ	technik	Kralupy nad Vltavou	534951	40	40	A	22	.85	N	0	0	M	2019	40
1	19	Milan	Šurina			60	CZ	podnikatel	Český Brod	533271	40	40	A	8	.31	N	0	0	M	2019	40
1	20	Jiří	Čumpelík			73	CZ	exstarosta Prahy 11	Všestary	539031	40	40	A	38	1.47	N	0	0	M	2019	40
1	21	Pavel	Stulík	Ing.		76	CZ	strojní inženýr	Praha	1	99	40	A	23	.89	N	0	0	M	2019	40
1	22	Jana	Slánská	Ing. Mgr.		76	CZ	filmařka	Praha	1	99	40	A	26	1	N	0	0	F	2019	40
2	1	František	Matějka			48	CZ	předs. strany, zakl. a řed. o.p.s. bez veř. dotací	Most	567027	1178	1178	A	1779	18.38	N	0	0	M	2019	1178
2	2	Richard	Hartmann	Dr. Ing.		50	CZ	čl. předsednictva strany, elektrotechnický inženýr	Vědomice	565831	1178	1178	A	280	2.89	N	0	0	M	2019	1178
2	3	Karel	Fiedler	Ing.		57	CZ	bývalý poslanec PČR, živnostník	Hrádek	556301	1178	1178	A	83	.85	N	0	0	M	2019	1178
2	4	Karel	Leškovský	Mgr. Ing.		50	CZ	krizový manažer, bezpečnostní poradce	Praha	1	1178	1178	A	103	1.06	N	0	0	M	2019	1178
2	5	Karel	Zvára	Ing.	Ph.D.	43	CZ	ekonom, jednatel, systémový architekt	Týnec nad Sázavou	530841	1178	1178	A	121	1.25	N	0	0	M	2019	1178
2	6	Libor	Zeman	Ing.		55	CZ	majitel společnosti	Praha	1	1178	1178	A	64	.66	N	0	0	M	2019	1178
2	7	Milan	Loprais			43	CZ	obecní zastupitel, ekonomický poradce, živnostník	Frenštát pod Radhoštěm	599344	99	1178	A	296	3.05	N	0	0	M	2019	1178
2	8	Otto	Černý			70	CZ	polit. vězeň, disident, sign. Charty 77, redaktor	Postupice	530450	1178	1178	A	121	1.25	N	0	0	M	2019	1178
2	9	Iveta	Kubová	Mgr.		53	CZ	knihovnice, vedoucí knihovny	Brno	3	99	1178	A	125	1.29	N	0	0	F	2019	1178
2	10	Roman	Malach	Ing.		42	CZ	ekonom, soudní znalec	Praha	1	1178	1178	A	68	.7	N	0	0	M	2019	1178
2	11	Ondřej	Pecák	Mgr.		35	CZ	člen předsednictva strany, advokát	Praha	1	1178	1178	A	61	.63	N	0	0	M	2019	1178
2	12	Václav	Kareš	Ing.		59	CZ	IT specialista	Hrusice	538248	1178	1178	A	44	.45	N	0	0	M	2019	1178
2	13	Petr	Jaroš	Ing.		45	CZ	manažer, dopravní expert	České Budějovice	544256	1178	1178	A	851	8.79	N	0	0	M	2019	1178
2	14	David	Matějů			47	CZ	specialista informační bezpečnosti	Praha	1	1178	1178	A	58	.59	N	0	0	M	2019	1178
2	15	Hana	Jirkalová	Mgr.		68	CZ	patentová zástupkyně	Praha	1	99	1178	A	42	.43	N	0	0	F	2019	1178
2	16	Zdeněk	Král	Mgr.		28	CZ	živnostník	Chrustenice	533670	1178	1178	A	38	.39	N	0	0	M	2019	1178
2	17	Martin	Simandl			56	CZ	hudebník, textař	Praha	1	99	1178	A	38	.39	N	0	0	M	2019	1178
2	18	Jiří	Hemerle			47	CZ	OSVČ	Nepomuk	564524	99	1178	A	50	.51	N	0	0	M	2019	1178
2	19	Jaroslav	Pekařík			39	CZ	vedoucí velkoobchodu	Ivaň	584517	1178	1178	A	27	.27	N	0	0	M	2019	1178
2	20	Michal	Nosek			44	CZ	správce IT	Děčín	562335	99	1178	A	52	.53	N	0	0	M	2019	1178
2	21	Michal	Chára			46	CZ	historik, odborný poradce	Praha	1	99	1178	A	76	.78	N	0	0	M	2019	1178
3	1	Antonín	Baudyš	Bc.		46	CZ	konzultant, před. kraj. org. hnutí CESTA	Šumperk	523704	1177	1177	A	2527	32.02	N	0	0	M	2019	1177
3	2	Jan	Dubanič	Bc.		44	CZ	konzultant a lektor, místopř. hnutí CESTA	Ústí nad Labem	5	1177	1177	A	254	3.21	N	0	0	M	2019	1177
3	3	Jan	Kubín	Ing.		55	CZ	podnikatel, místopředseda hnutí CESTA	Praha	1	1177	1177	A	131	1.66	N	0	0	M	2019	1177
3	4	Vojtěch	Drahoňovský	Bc.		40	CZ	podnikatel v zemědělství	Železnice	573825	1177	1177	A	97	1.22	N	0	0	M	2019	1177
3	5	Kateřina	Vašáková			40	CZ	expert účetních procesů	Jihlava	586846	1177	1177	A	62	.78	N	0	0	F	2019	1177
3	6	Lenka	Blahová	Bc.	DiS.	32	CZ	manažerka	Černá Voda	533491	1177	1177	A	95	1.2	N	0	0	F	2019	1177
3	7	Jaroslav	Záhora	Ing.		54	CZ	podnikatel, předseda kr. org. hnutí CESTA	Hradec Králové	569810	1177	1177	A	32	.4	N	0	0	M	2019	1177
3	8	Jiří	Macák			52	CZ	odborný konzultant, provozní chemik	Roztoky	539627	1177	1177	A	16	.2	N	0	0	M	2019	1177
3	9	Jaroslav	Nahodil	Ing.		63	CZ	kouč, konzultant, před. kr. org. hnutí CESTA	Brno	3	1177	1177	A	41	.51	N	0	0	M	2019	1177
3	10	Denisa	Binarová	PhDr.		40	CZ	klinická psycholožka	Vysoké Mýto	581186	1177	1177	A	88	1.11	N	0	0	F	2019	1177
3	11	Pavel	Sobek	Mgr.		49	CZ	OSVČ	Jihlava	586846	1177	1177	A	28	.35	N	0	0	M	2019	1177
3	12	Martin	Lichtenberk	Ing.		43	CZ	personální ředitel	Vysoké Mýto	581186	1177	1177	A	48	.6	N	0	0	M	2019	1177
3	13	Eva	Paterová			45	CZ	nákupčí	Brno	3	1177	1177	A	12	.15	N	0	0	F	2019	1177
3	14	Kateřina	Bílková	Bc.		45	CZ	zdravotní sestra, sociální pracovnice	Mohelnice	558079	1177	1177	A	72	.91	N	0	0	F	2019	1177
3	15	Jana	Šťastná		DiS.	39	CZ	fyzioterapeutka, instruktorka shiatsu-do	Brno	3	1177	1177	A	68	.86	N	0	0	F	2019	1177
3	16	Tomáš	Bartoníček	Ing.	Ph.D.	42	CZ	IT administrátor	Dolní Roveň	574911	1177	1177	A	29	.36	N	0	0	M	2019	1177
3	17	Petr	Kapoun	Ing.		54	CZ	podnikatel v oblasti stavebnictví	Děčín	562335	99	1177	A	6	.07	N	0	0	M	2019	1177
3	18	Jan	Zelený	Ing.		47	CZ	OSVČ - IT služby	Praha	1	1177	1177	A	21	.26	N	0	0	M	2019	1177
3	19	Jakub	Lustig	Bc.		40	CZ	OSVČ	Jičín	572659	1177	1177	A	26	.32	N	0	0	M	2019	1177
3	20	Martin	Kůstka	Ing.		52	CZ	správa pohledávek	Olomouc	500496	99	1177	A	21	.26	N	0	0	M	2019	1177
3	21	Miroslav	Sýkora			54	CZ	OSVČ - výuka angličtiny	Pardubice	6	1177	1177	A	18	.22	N	0	0	M	2019	1177
3	22	Oldřich	Zima			58	CZ	obchodní zástupce	Hradec Králové	569810	1177	1177	A	12	.15	N	0	0	M	2019	1177
3	23	Lucie	Meškanová	Mgr.		45	CZ	mediátorka a lektorka	Praha	1	1177	1177	A	59	.74	N	0	0	F	2019	1177
3	24	Ilona	Fialová			61	CZ	knihkupec	Zásmuky	533921	1177	1177	A	13	.16	N	0	0	F	2019	1177
3	25	Petr	Pospíšil			42	CZ	kamnář	Sulkovec	596833	99	1177	A	37	.46	N	0	0	M	2019	1177
3	26	Jaroslav	Kuchař	Mgr.		55	CZ	podnikatel	Přišimasy	533611	1177	1177	A	47	.59	N	0	0	M	2019	1177
4	1	Ivan	Šterzl	Prof. MUDr.	CSc.	65	CZ	lékař, zakl. imunoendokrinologie v ČR	Velhartice	557366	99	764	A	221	16.84	N	0	0	M	2019	764
4	2	Sandra	Šotová	JUDr.		33	CZ	právnička, specialistka na eurodotace	Praha	1	99	764	A	90	6.85	N	0	0	F	2019	764
4	3	Vladimír	Pelc	PhDr.		65	CZ	podnikatel, daňový specialista	Praha	1	764	764	A	18	1.37	N	0	0	M	2019	764
4	4	Zdeňka	Tošnerová	Mgr.		59	CZ	ředitelka sportovního areálu	Praha	1	724	764	A	28	2.13	N	0	0	F	2019	764
4	5	Jaroslav	Král	JUDr.	CSc.	67	CZ	právník, býv. nám. min. dopravy a pro míst. rozvoj	Praha	1	764	764	A	28	2.13	N	0	0	M	2019	764
4	6	Stanislava	Tůmová			61	CZ	jednatelka, podnikatelka	Horoušany	538221	724	764	A	15	1.14	N	0	0	F	2019	764
4	7	Zbyněk	Holub	Doc. PhDr. PaedDr.	Ph.D.	62	CZ	VŠ pedagog, místopředseda strany	České Budějovice	544256	764	764	A	52	3.96	N	0	0	M	2019	764
4	8	Mária	Kropáčková	RNDr.		63	CZ	ředitelka Centra zdravého srdce	Praha	1	724	764	A	32	2.43	N	0	0	F	2019	764
4	9	Jiří	Pondělíček			54	CZ	knihkupec	Praha	1	764	764	A	16	1.21	N	0	0	M	2019	764
4	10	Zdeněk	Jirásek			61	CZ	spisovatel, bezpečnostní expert	Praha	1	724	764	A	37	2.82	N	0	0	M	2019	764
4	11	Petr	Topinka	JUDr.		61	CZ	advokát	Praha	1	764	764	A	23	1.75	N	0	0	M	2019	764
4	12	Josef	Mastný	Ing.		58	CZ	ekonom	Praha	1	724	764	A	11	.83	N	0	0	M	2019	764
4	13	Stanislav	Vondráček			56	CZ	strážný	Česká Lípa	561380	764	764	A	13	.99	N	0	0	M	2019	764
4	14	Jaromír	Schling	Ing.		72	CZ	podnikatel, býv. ministr dopravy a spojů	Praha	1	724	764	A	11	.83	N	0	0	M	2019	764
4	15	Jan	Šinogl			69	CZ	podnikatel	Strachotice	594822	764	764	A	16	1.21	N	0	0	M	2019	764
4	16	Ljudmila	Fomkina			68	CZ	majordomus	Praha	1	99	764	A	5	.38	N	0	0	F	2019	764
4	17	Přemysl	Votava			75	CZ	tiskový mluvčí a místopředseda strany	Praha	1	764	764	A	15	1.14	N	0	0	M	2019	764
4	18	Ludvík	Hynek	JUDr.		69	CZ	právník	Praha	1	99	764	A	10	.76	N	0	0	M	2019	764
4	19	Marie	Charousková			62	CZ	učitelka MŠ	Praha	1	724	764	A	6	.45	N	0	0	F	2019	764
4	20	Václav	Charousek			64	CZ	specialista IT	Praha	1	724	764	A	6	.45	N	0	0	M	2019	764
4	21	Jaroslav	Dvořák			43	CZ	analytik, IT, územní plánování	Praha	1	724	764	A	39	2.97	N	0	0	M	2019	764
5	1	Jan	Zahradil	Ing.		56	CZ	poslanec Evropského parlamentu	Praha	1	53	53	A	51381	14.89	A	1	0	M	2019	53
5	2	Evžen	Tošenovský	Ing.		63	CZ	poslanec Evropského parlamentu	Ostrava	4	53	53	A	25644	7.43	A	3	0	M	2019	53
5	3	Veronika	Vrecionová	Ing.		53	CZ	poslankyně PČR, před. Spolku pro obnovu venkova ČR	Přezletice	538671	53	53	A	8460	2.45	A	4	0	F	2019	53
5	4	Ondřej	Krutílek	Mgr.		38	CZ	analytik legislativy EU	Brno	3	99	53	A	6968	2.02	N	0	1	M	2019	53
5	5	Radka	Trylčová	Mgr.		44	CZ	radní Plzeňského kraje pro oblast ŽP a zemědělství	Plzeň	2	53	53	A	4902	1.42	N	0	2	F	2019	53
5	6	Eva	Decroix	Mgr.		36	CZ	advokátka, zapsaná mediátorka, podnikatelka	Jihlava	586846	53	53	A	4559	1.32	N	0	3	F	2019	53
5	7	Josef	Hynek	prof. RNDr.	MBA, Ph.D.	53	CZ	děkan	Vysoké Mýto	581186	53	53	A	3690	1.06	N	0	4	M	2019	53
5	8	Marcel	Kollmann	Ing.		47	CZ	ředitel společnosti	Žatec	566985	53	53	A	834	.24	N	0	5	M	2019	53
5	9	Tomáš	Hanuš	M.A.		32	CZ	poradce pro frakci Evropských konz. a reform. v EP	Hradec Králové	569810	53	53	A	2249	.65	N	0	6	M	2019	53
5	10	Edvard	Kožušník			48	CZ	analytik legislativy EU a běžec	Praha	1	53	53	A	6135	1.77	N	0	7	M	2019	53
5	11	Andrea	Šilhanová	Bc.		24	CZ	studentka	Praha	1	53	53	A	1451	.42	N	0	8	F	2019	53
5	12	Štěpán	Slovák			21	CZ	student Právnické fakulty UK	Luhačovice	585459	53	53	A	1284	.37	N	0	9	M	2019	53
5	13	Tomáš	Lázna	Ing.		26	CZ	vědecký pracovník VUT, robotik	Prostějov	589250	53	53	A	1156	.33	N	0	10	M	2019	53
5	14	Vladimír	Kajlik	Dr.	Ph.D.	72	CZ	překladatel, vysokoškolský pedagog	Mariánské Lázně	554642	53	53	A	358	.1	N	0	11	M	2019	53
5	15	Alexandr	Vondra	RNDr.		57	CZ	VŠ pedagog, bývalý disident, diplomat a ministr	Litoměřice	564567	53	53	A	29536	8.56	A	2	0	M	2019	53
5	16	Luděk	Sefzig	MUDr.		62	CZ	lékař	Rokycany	559717	53	53	A	997	.28	N	0	12	M	2019	53
5	17	Mansoor	Maitah	doc. Ing.	Ph.D. et Ph.D.	56	CZ	vědecký pracovník - vysokoškolský pedagog	Praha	1	53	53	A	684	.19	N	0	13	M	2019	53
5	18	Daniel	Štěpánek	Mgr.		42	CZ	místostarosta města Bystřice	Bystřice	529451	53	53	A	524	.15	N	0	14	M	2019	53
5	19	Alexander	Bellu	Mgr.		31	CZ	živnostník, zastupitel Prahy 3	Praha	1	53	53	A	1195	.34	N	0	15	M	2019	53
5	20	Jindřich	Vobořil	Mgr.		52	CZ	ředitel společnosti Podané ruce o.p.s.	Brno	3	53	53	A	1223	.35	N	0	16	M	2019	53
5	21	Pavel	Hejtmánek	Mgr.		53	CZ	Key Acount manager SYSMEX CZ s.r.o.	Chotěboř	568759	53	53	A	253	.07	N	0	17	M	2019	53
5	22	Hynek	Orság	Ing.		52	CZ	jednatel firmy	Karviná	598917	53	53	A	274	.07	N	0	18	M	2019	53
5	23	Veronika	Luňáková	Mgr.		29	CZ	specialistka ve farmaceutické společnosti	Neratovice	535087	53	53	A	683	.19	N	0	19	F	2019	53
5	24	Anna	Heaney			71	CZ	politoložka	Praha	1	53	53	A	218	.06	N	0	20	F	2019	53
5	25	Václava	Jandečková	Ing.		45	CZ	spisovatelka, publicistka, badatelka	Kdyně	553786	99	53	A	762	.22	N	0	21	F	2019	53
5	26	Jiří	Kozák	Mgr.		42	CZ	ředitel vzdělávací organizace, VŠ učitel	Říčany	538728	53	53	A	768	.22	N	0	22	M	2019	53
5	27	Martin Elis	Kuchař			49	CZ	péče o osobu blízkou	Praha	1	53	53	A	353	.1	N	0	23	M	2019	53
5	28	Michal	Zácha			41	CZ	1. náměstek primátora statutárního města Přerova	Přerov	511382	53	53	A	745	.21	N	0	24	M	2019	53
6	1	Lucie	Schejbalová	Bc.		31	CZ	youtuberka Sejroška - Šimering expert	Chlumec	536229	99	1206	A	3433	9.26	N	0	0	F	2019	1206
6	2	Antonín	Capoušek			35	CZ	kryptobaron	Bžany	567485	99	1206	A	1026	2.76	N	0	0	M	2019	1206
6	3	Jiří	Kyjovský			31	CZ	generální ředitel TAXI Otnice, zastupitel ze Šimic	Brno	3	1206	1206	A	723	1.95	N	0	0	M	2019	1206
6	4	Tomáš	Sus			31	CZ	včelař	Brno	3	99	1206	A	1301	3.51	N	0	0	M	2019	1206
6	5	Jakub	Gauner			33	CZ	provozovatel Gauners Tuning Team GTT	Jihlava	586846	99	1206	A	420	1.13	N	0	0	M	2019	1206
6	6	Nela	Capoušková			28	CZ	mateřská dovolená	Chlumec	536229	99	1206	A	817	2.2	N	0	0	F	2019	1206
6	7	Antonín	Fuksa			31	CZ	kouzelník	Křenovice	562181	99	1206	A	824	2.22	N	0	0	M	2019	1206
6	8	Petr	Šindelář			60	CZ	administrativní pracovník	Brno	3	99	1206	A	692	1.86	N	0	0	M	2019	1206
6	9	Martin	Šlachta			32	CZ	ekolog, imitátor Václava Havla	Brno	3	99	1206	A	944	2.54	N	0	0	M	2019	1206
7	1	Pavel	Poc	RNDr.		54	CZ	poslanec EP, biolog	Valy	539481	7	7	A	10231	10.92	N	0	0	M	2019	7
7	2	Olga	Sehnalová	MUDr.	MBA	50	CZ	poslankyně EP, lékařka	Kroměříž	588296	7	7	A	10872	11.6	N	0	0	F	2019	7
7	3	Radek	Hlaváček	Mgr.		28	CZ	právník	Praha	1	7	7	A	1400	1.49	N	0	0	M	2019	7
7	4	Zuzana	Brzobohatá	Ing. Bc.		56	CZ	poradkyně, členka výboru EHS	Tišnov	584002	7	7	A	1715	1.83	N	0	0	F	2019	7
7	5	Pavel	Kawulok	Mgr.		39	CZ	právník	Hrádek	556301	7	7	A	1204	1.28	N	0	0	M	2019	7
7	6	Daniela	Vašátková	Mgr.		29	CZ	vědecká pracovnice - VP Olomouc	Zábřeh	541354	7	7	A	1488	1.58	N	0	0	F	2019	7
7	7	Jaroslav	Veselý	Ing.		62	CZ	starosta	Raná	566659	99	7	A	641	.68	N	0	0	M	2019	7
7	8	Lucie	Svobodová	Mgr. Ing.		37	CZ	právnička	Praha	1	7	7	A	851	.9	N	0	0	F	2019	7
7	9	Jakub	Kulhánek		M.A.	34	CZ	náměstek ministra vnitra ČR	Mělník	534676	7	7	A	595	.63	N	0	0	M	2019	7
7	10	Daniela	Smetanová	Mgr.		28	CZ	poradkyně pro zahraniční politiku	Praha	1	7	7	A	590	.62	N	0	0	F	2019	7
7	11	Roman	Váňa	Ing.		52	CZ	živnostník	Olomouc	500496	7	7	A	1066	1.13	N	0	0	M	2019	7
7	12	René	Příhoda	Mgr.		33	CZ	advokátní koncipient	Hradec Králové	569810	7	7	A	367	.39	N	0	0	M	2019	7
7	13	Lukáš	Kaucký	PhDr.		37	CZ	náměstek ministra zahraničí ČR	Praha	1	7	7	A	668	.71	N	0	0	M	2019	7
7	14	Jan	Košák	Bc.		33	CZ	pedagog	Sviadnov	569631	7	7	A	425	.45	N	0	0	M	2019	7
7	15	Tomáš	Binder			48	CZ	soudní tlumočník	Česká Lípa	561380	7	7	A	315	.33	N	0	0	M	2019	7
7	16	Milan	Balahura	Mgr.		32	CZ	tajemník ČSSD	Praha	1	7	7	A	341	.36	N	0	0	M	2019	7
7	17	Radek	Scherfer	Mgr.		44	CZ	člen org. Krajská zdravotní, a.s.	Kadaň	563102	7	7	A	273	.29	N	0	0	M	2019	7
7	18	Suzan	Saidamová	Mgr.		26	CZ	právnička	Havlíčkův Brod	568414	7	7	A	411	.43	N	0	0	F	2019	7
7	19	Tomáš	Řepa	Mgr.	Ph.D.	33	CZ	odborný asistent Univerzity obrany	Brno	3	7	7	A	501	.53	N	0	0	M	2019	7
7	20	Martin	Špánek	Bc.		25	CZ	student ZČU v Plzni, Fa. filoz., obor mez. vztahy	Plzeň	2	7	7	A	343	.36	N	0	0	M	2019	7
7	21	Gabriel	Forman			22	CZ	student - Pedagogická fakulta	Rychnov nad Kněžnou	576069	7	7	A	222	.23	N	0	0	M	2019	7
7	22	Petr	Lebeda			26	CZ	obchodní manažer	Milevsko	549576	7	7	A	163	.17	N	0	0	M	2019	7
7	23	Miloš	Balabán	PhDr.	Ph.D.	56	CZ	vědecký pracovník	Praha	1	7	7	A	472	.5	N	0	0	M	2019	7
7	24	Markéta	Wernerová	Ing.		35	CZ	ředitelka firmy	Karlovy Vary	554961	7	7	A	395	.42	N	0	0	F	2019	7
7	25	Kristián	Malina	Bc.		33	CZ	zahraniční tajemník ČSSD	Praha	1	7	7	A	112	.11	N	0	0	M	2019	7
7	26	Marcel	Kučera	Mgr.		50	CZ	hudební pedagog	Velký Luh	578002	7	7	A	182	.19	N	0	0	M	2019	7
7	27	Tomáš	Soukal	Ing.		37	CZ	radní Jihomoravského kraje	Rajhrad	583758	7	7	A	416	.44	N	0	0	M	2019	7
7	28	Radim	Technik	Ing.		35	CZ	obchodní ředitel	Žďár nad Sázavou	595209	7	7	A	394	.42	N	0	0	M	2019	7
8	1	Miroslav	Tancoš			59	CZ	předseda RDS	Nový Bor	561860	794	794	A	384	23.25	N	0	0	M	2019	794
8	2	Štefan	Gorol'			62	CZ	romský nezávislý aktivista	Nový Bor	561860	794	794	A	279	16.89	N	0	0	M	2019	794
8	3	Miroslav	Rusenka			61	CZ	místopředseda RDS	Praha	1	794	794	A	125	7.57	N	0	0	M	2019	794
8	4	Ladislav	Sivak			62	CZ	tajemník ÚV RDS	Praha	1	794	794	A	168	10.17	N	0	0	M	2019	794
9	1	Kateřina	Konečná	Ing.		38	CZ	poslankyně Evropského parlamentu	Nový Jičín	599191	47	47	A	38650	23.47	A	1	0	F	2019	47
9	2	Andrej	Bóna			23	CZ	student Masarykovy univerzity, redaktor, překlad.	Brno	3	74	47	A	3046	1.85	N	0	2	M	2019	47
9	3	Arťom	Korjagin			31	CZ	družstevník v Sociálním družstvu Střecha, provozní	Praha	1	47	47	A	1655	1	N	0	3	M	2019	47
9	4	Roman	Blaško			49	CZ	redaktor Haló novin, fotograf	Luboměř	599646	93	47	A	2434	1.47	N	0	4	M	2019	47
9	5	Lukáš	Pařízek	Ing.		35	CZ	provozně technický specialista	Litoměřice	564567	47	47	A	1481	.89	N	0	5	M	2019	47
9	6	Dagmar	Švendová		B.A, LL.M.	41	CZ	specialistka v oboru práva a legislativy EU	Břeclav	584291	47	47	A	6862	4.16	N	0	6	F	2019	47
9	7	Zdeněk	Štefek	Ing.		44	CZ	předseda Výboru pro památkovou péči	Buštěhrad	532169	47	47	A	1504	.91	N	0	7	M	2019	47
9	8	Kateřina	Ambrožová Srncová	Ing.		37	CZ	středoškolská pedagožka	Zdounky	589195	47	47	A	1688	1.02	N	0	8	F	2019	47
9	9	Petr	Pick	Ing.	Ph.D.	36	CZ	výzkumný pracovník v oboru letectví	Praha	1	99	47	A	901	.54	N	0	9	M	2019	47
9	10	Lubomír	Ledl	JUDr.		66	CZ	poradce ústavního činitele	Praha	1	74	47	A	583	.35	N	0	10	M	2019	47
9	11	Anna	Vaculíková			25	CZ	řidička kamionu - dálková přeprava do zahraničí	Jindřichův Hradec	545881	47	47	A	2364	1.43	N	0	11	F	2019	47
9	12	Ivan	Maštálka	Mgr.	LL.M., MBA	37	CZ	právník	Plzeň	2	47	47	A	5139	3.12	N	0	12	M	2019	47
9	13	Petr	Bureš			42	CZ	referent zahraničního obchodu	Štětí	565709	47	47	A	554	.33	N	0	13	M	2019	47
9	14	Richard	Pokorný	JUDr. Bc.	Ph.D.	40	CZ	vysokoškolský učitel	Plzeň	2	47	47	A	1463	.88	N	0	14	M	2019	47
9	15	Pavla	Švepeš Šlahúnková		B.A	31	CZ	socioložka, pozorovatelka mez. ženské sk. pro mír	Trhové Sviny	545171	47	47	A	629	.38	N	0	15	F	2019	47
9	16	Tereza	Čechová Humpolcová	Mgr. Ing.	Ph.D.	32	CZ	vedoucí analytického odd., asistentka poslance	Tišice	535222	47	47	A	557	.33	N	0	16	F	2019	47
9	17	Jaromír	Kohlíček	Ing.	CSc.	66	CZ	poslanec EP, člen Svazu boj. za svobodu	Teplice	567442	47	47	A	5778	3.5	N	0	17	M	2019	47
9	18	Zdeněk	Ondráček	JUDr. PhDr.	Ph.D.	49	CZ	poslanec Parlamentu České republiky	Trutnov	579025	47	47	A	10894	6.61	N	0	1	M	2019	47
9	19	Jiří	Hudeček	prof. RNDr.	CSc.	65	CZ	profesor Univerzity Karlovy, biochemik	Praha	1	74	47	A	649	.39	N	0	18	M	2019	47
9	20	Eva	Badinková	Ing. Bc.		52	CZ	občanská zaměstnankyně Policie ČR	Bystřice pod Hostýnem	588393	47	47	A	1407	.85	N	0	19	F	2019	47
9	21	Ludvík	Šulda		BBA	39	CZ	předseda Kontrolního výboru Zast. Olom. kraje	Seloutky	506770	47	47	A	543	.32	N	0	20	M	2019	47
9	22	Josef	Jordán			46	CZ	servisní technik	Brtnice	586943	47	47	A	488	.29	N	0	21	M	2019	47
9	23	Petr	Kubeš	Ing. Bc.		30	CZ	vedoucí logistik	Žatec	566985	47	47	A	467	.28	N	0	22	M	2019	47
9	24	Petr	Havránek	Ing.		41	CZ	manažer	Studénka	599921	47	47	A	555	.33	N	0	23	M	2019	47
9	25	Květa	Matušovská	Ing.		34	CZ	poslankyně Parlamentu ČR, dopravní inženýrka	Javorník	529851	47	47	A	1031	.62	N	0	24	F	2019	47
9	26	Jiří	Grünbauer	Ing.		63	CZ	ředitel zdravotnického zařízení	Příbram	539911	93	47	A	532	.32	N	0	25	M	2019	47
9	27	René	Číp	Ing.		44	CZ	ekonom	Ostrava	4	47	47	A	987	.59	N	0	26	M	2019	47
9	28	Jan	Klán	Mgr.		36	CZ	sociolog a analytik	Kutná Hora	533955	47	47	A	755	.45	N	0	27	M	2019	47
10	1	Tomáš	Vandas	Mgr.		50	CZ	předseda DSSS a podnikatel	Ústí nad Labem	5	156	156	A	702	16.08	N	0	0	M	2019	600
10	2	Oto	Zaremba			62	CZ	olympijský vítěz a sportovní konzultant	Havířov	555088	156	156	A	346	7.93	N	0	0	M	2019	600
10	3	Jiří	Štěpánek	Mgr.		47	CZ	výkonný místopředseda DSSS	Plzeň	2	156	156	A	129	2.95	N	0	0	M	2019	600
10	4	Alena	Poláčková			58	CZ	podnikatelka	Týnec nad Sázavou	530841	156	156	A	56	1.28	N	0	0	F	2019	600
10	5	Roman	Pospíšil			52	CZ	zastupitel města	Větřní	545830	156	156	A	73	1.67	N	0	0	M	2019	600
10	6	Jindřich	Svoboda			34	CZ	radní města	Duchcov	567515	156	156	A	58	1.32	N	0	0	M	2019	600
10	7	Jiřina Niké	Hájek		DiS.	38	CZ	státní zaměstnanec	Praha	1	156	156	A	37	.84	N	0	0	F	2019	600
10	8	Jiří	Poledno			72	CZ	chemik	Ostrava	4	156	156	A	31	.71	N	0	0	M	2019	600
10	9	Libor	Sojka			63	CZ	podnikatel	Davle	539163	156	156	A	8	.18	N	0	0	M	2019	600
10	10	Tomáš	Kozák			38	CZ	stavební podnikatel	Nové Hamry	506494	156	156	A	42	.96	N	0	0	M	2019	600
10	11	Martina	Blašková	Bc.		50	CZ	asistentka jednatele společnosti	Cheb	554481	156	156	A	38	.87	N	0	0	F	2019	600
10	12	Ladislav	Malý	Mgr.		73	CZ	katolický aktivista	Praha	1	99	761	A	26	.59	N	0	0	M	2019	600
10	13	Vladimír	Jirásek			58	CZ	řidič	Lázně Bohdaneč	574767	156	156	A	30	.68	N	0	0	M	2019	600
10	14	Petr	Borna			51	CZ	podnikatel	Ostrava	4	156	156	A	36	.82	N	0	0	M	2019	600
10	15	Jan	Hřivna			29	CZ	výpravčí SŽDC	Týnec nad Sázavou	530841	156	156	A	37	.84	N	0	0	M	2019	600
10	16	Vilém	Fronček			56	CZ	podnikatel	Ostrava	4	156	156	A	25	.57	N	0	0	M	2019	600
10	17	Erik	Lamprecht			31	CZ	marketingový a obchodní manažer	Brno	3	156	156	A	39	.89	N	0	0	M	2019	600
10	18	Martin	Aubrecht		DiS.	34	CZ	předseda Dělnické mládeže	Mělník	534676	156	156	A	53	1.21	N	0	0	M	2019	600
10	19	Nela	Veselá			21	CZ	překladatelka	Praha	1	156	156	A	67	1.53	N	0	0	F	2019	600
10	20	Karel	Křivánek			54	CZ	dělník	Praha	1	156	156	A	28	.64	N	0	0	M	2019	600
10	21	Štěpán	Kaluža			63	CZ	zaměstnanec VLS	Větřní	545830	156	156	A	19	.43	N	0	0	M	2019	600
10	22	Tomáš	Vejvoda			43	CZ	řidič MKD	Nejdek	555380	156	156	A	34	.77	N	0	0	M	2019	600
10	23	Petr	Štyndl			34	CZ	zastupitel obce	Vír	597074	156	156	A	15	.34	N	0	0	M	2019	600
10	24	Jakub	Vršovský	Bc.		30	CZ	řidič	Duchcov	567515	156	156	A	36	.82	N	0	0	M	2019	600
10	25	Jaroslav	Dupák			63	CZ	numismatik	Příbram	539911	156	156	A	15	.34	N	0	0	M	2019	600
10	26	Eva	Novotná			40	CZ	dělnice	Větřní	545830	156	156	A	76	1.74	N	0	0	F	2019	600
10	27	Martin	Vrtiška			48	CZ	fotbalový trenér	Ústí nad Labem	5	1021	156	A	43	.98	N	0	0	M	2019	600
10	28	Jiří	Holoubek			49	CZ	podnikatel	Praha	1	156	156	A	13	.29	N	0	0	M	2019	600
11	1	Miroslav	Sládek	PhDr.		68	CZ	bojovník proti bezpráví a totalitě	Brno	3	1125	1125	A	1294	30.2	N	0	0	M	2019	1125
11	2	Zdeněk	Krampera			67	CZ	poslanec PS PČR v letech 1992-1998, antikvář	Praha	1	1125	1125	A	147	3.43	N	0	0	M	2019	1125
11	3	Tomáš	Franěk			32	CZ	podnikatel	Týnec nad Sázavou	530841	1125	1125	A	65	1.51	N	0	0	M	2019	1125
11	4	Kamil	Sedláček			48	CZ	operátor dopravy	Bohumín	599051	1125	1125	A	19	.44	N	0	0	M	2019	1125
11	5	Věra	Vítovcová			46	CZ	operátor elektrovýroby	Plzeň	2	1125	1125	A	38	.88	N	0	0	F	2019	1125
11	6	Karel	Fleischer			55	CZ	poradce a obhájce spotřebitelů	Brno	3	1125	1125	A	104	2.42	N	0	0	M	2019	1125
11	7	Miroslav	Pindeš	JUDr.	Ph.D.	58	CZ	advokát, člen Advokátní komory ČR, fotb. rozhodčí	Bučovice	592943	1125	1125	A	91	2.12	N	0	0	M	2019	1125
11	8	Jiří	Dubský			48	CZ	elektrotechnik	Praha	1	1125	1125	A	26	.6	N	0	0	M	2019	1125
11	9	Michal	Oliva			45	CZ	živnostník	Kladno	532053	1125	1125	A	23	.53	N	0	0	M	2019	1125
11	10	Martin	Prát			33	CZ	mechanik	Opočno	542555	1125	1125	A	32	.74	N	0	0	M	2019	1125
11	11	Jaroslav	Kopecký			62	CZ	podnikatel	Frýdlant	564028	1125	1125	A	18	.42	N	0	0	M	2019	1125
11	12	Pavel	Novák	PhDr.		64	CZ	OSVČ	Jindřichův Hradec	545881	1125	1125	A	22	.51	N	0	0	M	2019	1125
11	13	Radek	Falta			45	CZ	elektromechanik	Havlovice	579220	1125	1125	A	11	.25	N	0	0	M	2019	1125
11	14	Roman	Pata			54	CZ	IT specialista	Praha	1	1125	1125	A	7	.16	N	0	0	M	2019	1125
11	15	Aleš	Neumann			34	CZ	dělník	Nížkovice	593435	1125	1125	A	18	.42	N	0	0	M	2019	1125
11	16	Sandra	Oláhová			27	CZ	manažer skladového hospodářství	Rakovník	541656	1125	1125	A	29	.67	N	0	0	F	2019	1125
11	17	Kateřina	Koprnická			43	CZ	asistentka	Praha	1	1125	1125	A	13	.3	N	0	0	Ženské pohlaví.	2019	1125
11	18	Jiří	Kočí			40	CZ	muzejník	Mladá Boleslav	535419	1125	1125	A	19	.44	N	0	0	M	2019	1125
11	19	Roman	Kryštof			47	CZ	řidič	Sedliště	540692	1125	1125	A	13	.3	N	0	0	M	2019	1125
11	20	Jan	Sýkora			21	CZ	student	Benešov	529303	1125	1125	A	23	.53	N	0	0	M	2019	1125
11	21	Jana	Nováková			40	CZ	reklamní agent	Hradec Králové	569810	1125	1125	A	17	.39	N	0	0	F	2019	1125
11	22	Viktor	Jablonský			50	CZ	řidič	Přerov	511382	1125	1125	A	15	.35	N	0	0	M	2019	1125
11	23	Jiří	Beneš			33	CZ	IT specialista	Nová Ves	535117	1125	1125	A	13	.3	N	0	0	M	2019	1125
11	24	Jaroslav	Berka			42	CZ	technik	Blatná	550850	1125	1125	A	14	.32	N	0	0	M	2019	1125
11	25	Vladimír	Jansa			42	CZ	sochař a podnikatel	Sázava	534382	1125	1125	A	5	.11	N	0	0	M	2019	1125
11	26	Roman	Dlouhý			61	CZ	bezpečnostní technik	Praha	1	1125	1125	A	5	.11	N	0	0	M	2019	1125
11	27	Josef	Karásek			51	CZ	specialista na skladovou logistiku	Praha	1	1125	1125	A	3	.07	N	0	0	M	2019	1125
11	28	David	Janďourek			28	CZ	technik	Praha	1	1125	1125	A	21	.49	N	0	0	M	2019	1125
12	1	Adam Benjamin	Bartoš			39	CZ	předseda strany	Kadaň	563102	79	79	A	1320	7.05	N	0	0	M	2019	1438
12	2	Petr	Hannig	Mgr.		73	CZ	předseda strany, bývalý prezidentský kandidát	Praha	1	137	137	A	1898	10.14	N	0	0	M	2019	1438
12	3	Pavel	Opl			47	CZ	policejní rada v.v.	Praha	1	99	79	A	953	5.09	N	0	0	M	2019	1438
12	4	Jiří	Somberg	MUDr.		58	CZ	vedoucí lékař nestátního zdravotního zařízení	Kosmonosy	570826	99	137	A	298	1.59	N	0	0	M	2019	1438
12	5	Eugen Sigismund	Freimann	PhDr. ThDr. Mgr.	Ph.D., M.A.	58	CZ	vysokoškolský pedagog, pravoslavný duchovní	Teplice	567442	99	137	A	341	1.82	N	0	0	M	2019	1438
12	6	Karin	Szczyrbová	Ing.		38	CZ	ekonomka, překladatelka, tlumočnice	Karviná	598917	79	79	A	292	1.56	N	0	0	F	2019	1438
12	7	Miloslav	Hudec			52	CZ	instruktor střelby	Nymburk	537004	99	137	A	294	1.57	N	0	0	M	2019	1438
12	8	Vladimír	Kotek	MUDr.	Ph.D., MBA	58	CZ	primář urologie a klinické onkologie	Brno	3	79	79	A	699	3.73	N	0	0	M	2019	1438
12	9	Petr	Fišer			59	CZ	vedoucí kulturního zařízení města Krupky	Krupka	567639	137	137	A	68	.36	N	0	0	M	2019	1438
12	10	Jan	Sedláček	Bc.		24	CZ	studující oboru přírodovědy JU, živnostník	Rokycany	559717	79	79	A	148	.79	N	0	0	M	2019	1438
12	11	Radek	Dokoupil	Ing.		49	CZ	technický ředitel	Lanškroun	580511	99	137	A	149	.79	N	0	0	M	2019	1438
12	12	Ivan	Cícha	Ing.		57	CZ	stavbyvedoucí	Tábor	552046	79	79	A	112	.59	N	0	0	M	2019	1438
12	13	Zdeněk	Močydlan			49	CZ	živnostník	Ostrava	4	137	137	A	75	.4	N	0	0	M	2019	1438
12	14	Vladimír	Štádler	Ing.		61	CZ	učitel námořní školy v Bratislavě, lodní special.	Praha	1	99	79	A	89	.47	N	0	0	M	2019	1438
12	15	Václav	Makalouš	Mgr.		41	CZ	administrativní pracovník v rodinné firmě	Lhota pod Libčany	570231	99	137	A	92	.49	N	0	0	M	2019	1438
12	16	Zdeněk	Cekota	Bc.		65	CZ	OSVČ	Zlín	585068	99	79	A	81	.43	N	0	0	M	2019	1438
12	17	Vladimír	Franta	PhDr.	Ph.D.	42	CZ	filolog, novinář	Černošice	539139	99	137	A	119	.63	N	0	0	M	2019	1438
12	18	Alexandr	Gegalčij	Ing.		70	CZ	podnikatel, člen Svět. kong. Podkarp. Rusínů	Praha	1	99	79	A	33	.17	N	0	0	M	2019	1438
12	19	Jindřich	Kočí			45	CZ	manažer realizace energetických staveb	České Budějovice	544256	99	137	A	89	.47	N	0	0	M	2019	1438
12	20	Josef	Hausmann	RNDr.	CSc.	65	CZ	nezávislý publicista	Vysoké nad Jizerou	577693	99	79	A	170	.9	N	0	0	M	2019	1438
12	21	Vladimír	Stejskal	Ing.		58	CZ	systémový specialista, informatik	Zábřeh	541354	137	137	A	54	.28	N	0	0	M	2019	1438
12	22	Jan	Kozák	Mgr.		68	CZ	nakladatel, překladatel ze sanskrtu	Praha	1	99	79	A	79	.42	N	0	0	M	2019	1438
12	23	Petr	Seidel	Ing.		54	CZ	projektant, konstruktér, stav. inženýr	Hradec Králové	569810	99	137	A	85	.45	N	0	0	M	2019	1438
12	24	Petr	Schiller			45	CZ	logistik	Plzeň	2	79	79	A	71	.37	N	0	0	M	2019	1438
12	25	Radek	Žalud		DiS.	33	CZ	pěvec, řádný člen republikové rady SONS ČR	Lipí	544761	99	137	A	207	1.1	N	0	0	M	2019	1438
12	26	Luděk	Petráň	Mgr.		51	CZ	učitel ZŠ	Ostrov	599395	99	137	A	88	.47	N	0	0	M	2019	1438
12	27	Robert	Peovský			31	CZ	strojírenský dělník	Česká Skalice	573990	79	79	A	155	.82	N	0	0	M	2019	1438
12	28	Silvia	Weiszová			51	CZ	OSVČ, místopředsedkyně strany	Praha	1	137	137	A	124	.66	N	0	0	F	2019	1438
13	1	Petr	Cibulka			68	CZ	pětinásobný politický vězeň, vydavatel seznamů StB	Praha	1	98	98	A	1122	23.61	N	0	0	M	2019	98
13	2	Jan	Bečka			41	CZ	koordinátor	Ohrazenice	540960	99	98	A	172	3.61	N	0	0	M	2019	98
13	4	Milan	Mikeš	Mgr. Bc.		48	CZ	počítačový specialista	Římov	545007	99	98	A	113	2.37	N	0	0	M	2019	98
13	5	Milan	Kočík			63	CZ	volný novinář, léčitel a Český ombudsman	Žďár nad Sázavou	595209	99	98	A	129	2.71	N	0	0	M	2019	98
13	6	Miroslav	Václavek			53	CZ	manažer, spisovatel, básník, politický analytik	Šumperk	523704	99	98	A	67	1.4	N	0	0	M	2019	98
13	7	Lubomír	Tichý	Ing.		71	CZ	angažovaný občan	Jaroměřice	578151	99	98	A	24	.5	N	0	0	M	2019	98
13	9	Miroslav	Durdil			70	CZ	volný novinář	Praha	1	99	98	A	20	.42	N	0	0	M	2019	98
13	10	František	Kazilovský			62	CZ	údržbář	Lázně Bohdaneč	574767	99	98	A	48	1.01	N	0	0	M	2019	98
13	11	Bronislava	Zigová			59	CZ	asistentka Českého ombudsmana	Nové Město na Moravě	596230	99	98	A	97	2.04	N	0	0	F	2019	98
13	12	Antonín	Grund			62	CZ	živnostník	Rokytnice v Orlických horách	576701	99	98	A	30	.63	N	0	0	M	2019	98
13	13	František	Heršálek			66	CZ	angažovaný občan	Střevač	573540	99	98	A	25	.52	N	0	0	M	2019	98
13	14	Milan	Jirůšek			52	CZ	dělník	Hošťálková	542750	99	98	A	56	1.17	N	0	0	M	2019	98
13	15	Jan	Šafář			71	CZ	angažovaný občan	Prštice	583707	99	98	A	15	.31	N	0	0	M	2019	98
13	16	Jiří	Budník			59	CZ	angažovaný občan	Bohumín	599051	99	98	A	22	.46	N	0	0	M	2019	98
14	1	Josef	Zahradník			33	CZ	dopravní specialista kolejových vozidel	Výškov	566951	1209	1209	A	102	4.59	N	0	0	M	2019	1209
14	2	Sabina	Sejkorová			21	CZ	VŠ student oboru mezinárodní vztahy, MUP Praha	Kvasiny	576425	99	1209	A	132	5.94	N	0	0	F	2019	1209
14	3	Jan	Vondrouš			41	CZ	podnikatel, lektor cizích jazyků	Bohušovice nad Ohří	564591	1209	1209	A	56	2.52	N	0	0	M	2019	1209
14	4	Richard	Mihula			47	CZ	administrativní prac. v obl. správy nemovitostí	Brno	3	1209	1209	A	18	.81	N	0	0	M	2019	1209
14	5	Petr	Žampach			22	CZ	VŠ student oboru Mezinárodní vztahy MUP Praha	Žumberk	572641	1209	1209	A	78	3.51	N	0	0	M	2019	1209
14	6	Alexander	Klimeš	JUDr.		77	CZ	advokát, přísedící u obvodního soudu	Příbram	539911	99	1209	A	26	1.17	N	0	0	M	2019	1209
14	7	Miroslav	Vašek			48	CZ	zdravotník psychiatrické nemocnice Havl. Brod	Chotěboř	568759	99	1209	A	15	.67	N	0	0	M	2019	1209
14	8	Tereza	Šmajsová			21	CZ	VŠ student oboru humanitních studií, UK Praha	Jesenice	539325	99	1209	A	55	2.47	N	0	0	F	2019	1209
14	9	Ivan	Fabián	Bc.	DiS.	61	CZ	učitel prak. výchovy v ob. elektrotechnika, dudák	České Budějovice	544256	99	1209	A	16	.72	N	0	0	M	2019	1209
14	10	Jan	Prokeš			29	CZ	soukromý podnikatel, komunální politik	Žumberk	572641	99	1209	A	17	.76	N	0	0	M	2019	1209
14	11	Jiří	Voslář			46	CZ	technický pracovník v ostraze budov a osob	Praha	1	99	1209	A	6	.27	N	0	0	M	2019	1209
14	12	Pavel	Křivka	Ing.		58	CZ	botanický zahradník, překladatel a nakladatel	Pardubice	6	99	1209	A	25	1.12	N	0	0	M	2019	1209
14	14	Tomáš	Foral	Ing.		53	CZ	podnikatel v oblasti zahradnictví a sadařství	Brno	3	99	1209	A	44	1.98	N	0	0	M	2019	1209
14	15	Petr	Gotthard	Ing.		41	CZ	IT technik a systémový specialista	Brno	3	99	1209	A	27	1.21	N	0	0	M	2019	1209
14	16	Vladislav	Auda			47	CZ	soukr. podnik. v oblasti mediál. služby a propag.	Slavkov u Brna	593583	99	1209	A	5	.22	N	0	0	M	2019	1209
14	17	Lukáš	Soukup			30	CZ	kuchař	Miroslav	594458	99	1209	A	14	.63	N	0	0	M	2019	1209
14	18	Matěj	Štrobl			23	CZ	svářeč, autoklempíř	Terezín	565717	99	1209	A	22	.99	N	0	0	M	2019	1209
14	19	Jaroslav	Ociepka			27	CZ	invalidní důchodce, poštovní doručovatel	Lovečkovice	565211	99	1209	A	17	.76	N	0	0	M	2019	1209
15	1	Radek	Kňava			38	CZ	personalista v automobilce	Pardubice	6	1222	1222	A	150	5.43	N	0	0	M	2019	1222
15	2	Hana	Filipová			49	CZ	dámská krejčí	Sezemice	599573	1222	1222	A	99	3.58	N	0	0	F	2019	1222
15	3	Vojtěch	Antoš			29	CZ	inženýr vývoje a výzkumu	Praha	1	99	1222	A	109	3.94	N	0	0	M	2019	1222
15	4	Nikola	Nestoroská			23	CZ	studentka UJEP	Ústí nad Labem	5	1222	1222	A	58	2.1	N	0	0	F	2019	1222
15	5	Martin	Kvapil			46	CZ	vedoucí úklidové firmy	Sezemice	575640	1222	1222	A	32	1.15	N	0	0	M	2019	1222
15	6	Iva	Konvalinová			30	CZ	kadeřnice	Praha	1	1222	1222	A	38	1.37	N	0	0	F	2019	1222
15	7	Monika	Vlasáková			28	CZ	číšnice	Sezemice	599573	1222	1222	A	42	1.52	N	0	0	F	2019	1222
15	8	Eliška	Wojnarovska			29	CZ	cukrářka	Sezemice	599573	1222	1222	A	62	2.24	N	0	0	F	2019	1222
15	9	Tomáš	Vlasák			25	CZ	poštovní doručovatel	Holice	574988	1222	1222	A	45	1.63	N	0	0	M	2019	1222
15	11	Lukáš	Doubek			35	CZ	specialista kvality v automobilce	Starý Kolín	533700	1222	1222	A	55	1.99	N	0	0	M	2019	1222
15	12	Vladimír	Vepřek			37	CZ	policista	Pardubice	6	99	1222	A	109	3.94	N	0	0	M	2019	1222
16	1	Ivan	Holoubek	prof. RNDr.	CSc.	68	CZ	profesor chemie životního prostředí PřF MU	Brno	3	1200	1200	A	1136	5.82	N	0	0	M	2019	1200
16	2	Viktor	Kanický	prof. RNDr.	DrSc.	65	CZ	profesor Ústavu chemie PřF MU	Brno	3	99	1200	A	542	2.78	N	0	0	M	2019	1200
16	3	Václav	Dombek	doc. RNDr.	CSc.	58	CZ	docent na VŠB - TUO	Šenov	598798	99	1200	A	336	1.72	N	0	0	M	2019	1200
16	4	Blahoslav	Maršálek	prof. Ing.	CSc.	54	CZ	vedoucí oddělení v Botanickém ústavu AV ČR	Brno	3	99	1200	A	475	2.43	N	0	0	M	2019	1200
16	5	Jana	Hajšlová	prof. Ing.	CSc.	66	CZ	vedoucí Laboratoře bezpečnosti potravin VŠCHT	Praha	1	99	1200	A	1235	6.33	N	0	0	F	2019	1200
16	6	Vladimír	Kočí	doc. Ing.	Ph.D.	46	CZ	děkan Fakulty technologie ochrany prostředí VŠCHT	Praha	1	99	1200	A	780	4	N	0	0	M	2019	1200
16	7	Radim	Vácha	doc. Ing.	Ph.D.	52	CZ	ředitel Výzkumného ústavu meliorací a ochrany půdy	Praha	1	99	1200	A	461	2.36	N	0	0	M	2019	1200
16	8	Zbyněk	Prokop	prof. RNDr.	Ph.D.	45	CZ	profesor RECETOX MU v Brně	Brno	3	99	1200	A	452	2.31	N	0	0	M	2019	1200
16	9	Karel	Ventura	prof. Ing.	CSc.	67	CZ	vedoucí Katedry analytické chemie FChT VŠCHT	Pardubice	6	99	1200	A	265	1.35	N	0	0	M	2019	1200
16	10	Petr	Babula	prof. PharmDr.	Ph.D.	40	CZ	přednosta Fyziologického ústavu LF MU	Brno	3	53	1200	A	319	1.63	N	0	0	M	2019	1200
16	11	Jiřina	Macháčková	RNDr.	Ph.D.	47	CZ	výzkumná pracovnice v soukromé společnosti	Liberec	7	99	1200	A	175	.89	N	0	0	F	2019	1200
16	12	Jiří	Špaček	prof. MUDr.	Ph.D., IFEPAG	61	CZ	přednosta Porodnické a gynekologické kliniky	Hradec Králové	569810	99	1200	A	428	2.19	N	0	0	M	2019	1200
16	13	Marek	Koutný	prof. Mgr.	Ph.D.	46	CZ	vedoucí Ústavu inženýrství ochrany ŽP	Zlín	585068	99	1200	A	460	2.35	N	0	0	M	2019	1200
16	14	Jan	Tříska	prof. Ing.	CSc.	74	CZ	výzkumný prac. Ústavu výzkumu globální změny AV ČR	České Budějovice	544256	99	1200	A	146	.74	N	0	0	M	2019	1200
16	15	Pavel	Janoš	prof. Ing.	CSc.	62	CZ	profesor Fakulty životního prostředí UJEP	Ústí nad Labem	5	99	1200	A	170	.87	N	0	0	M	2019	1200
16	16	Lenka	Schreiberová	Ing.		32	CZ	výzkumník ve Výzkumném ústavu bezpečnosti práce	Ostrava	4	99	1200	A	237	1.21	N	0	0	F	2019	1200
16	17	Robert	Skeřil	Mgr.	Ph.D.	40	CZ	datový analytik v soukromé společnosti	Brno	3	99	1200	A	84	.43	N	0	0	M	2019	1200
16	18	Michael	Tupý	Ing.	Ph.D.	39	CZ	koordinátor dotačních projektů pro vědu a výzkum	Zlín	585068	99	1200	A	115	.58	N	0	0	M	2019	1200
16	19	Jiří	Bílek	Mgr.	Ph.D.	51	CZ	analytik a projektový manažer na VŠB - TUO	Ostrava	4	99	1200	A	111	.56	N	0	0	M	2019	1200
16	20	Ivan	Novotný	doc. RNDr.	CSc.	76	CZ	analytický chemik a překladatel	Praha	1	99	1200	A	56	.28	N	0	0	M	2019	1200
17	1	Jiří	Vítek			45	CZ	místostarosta MČ Praha 8, předseda Patriotů ČR	Praha	1	1004	1004	A	193	14.97	N	0	0	M	2019	1439
17	2	Dagmar	Krylová			63	CZ	zaklad. a předs. Klubu labužnických pohodářů z.s.	Týn nad Vltavou	545201	99	2	A	73	5.66	N	0	0	F	2019	1439
17	3	Vladimír	Rybák			58	CZ	podnikatel	Vlastec	598844	99	1004	A	15	1.16	N	0	0	M	2019	1439
17	4	František	Holý			47	CZ	místostarosta Jáchymova	Jáchymov	555215	1004	1004	A	25	1.93	N	0	0	M	2019	1439
17	5	Michal	Klusáček	Ing.		39	CZ	letecký inženýr, předseda ČSNS	Praha	1	2	2	A	49	3.8	N	0	0	M	2019	1439
17	6	Petr	Duchek			55	CZ	zastupitel MČ Praha 21	Praha	1	1004	1004	A	12	.93	N	0	0	M	2019	1439
17	7	Karel	Janko	Ing.		75	CZ	zastupitel Podolanky	Podolanka	538621	175	2	A	11	.85	N	0	0	M	2019	1439
17	8	Kristýna	Hurťáková			39	CZ	tlumočnice, překladatelka	České Budějovice	544256	99	1004	A	21	1.62	N	0	0	F	2019	1439
17	9	Marie	Paukejová	Ing.		64	CZ	zaklad. a předsedkyně spolku Jihočeská RŮŽE z.s.	České Budějovice	544256	99	2	A	22	1.7	N	0	0	F	2019	1439
17	10	Michal	Janovský	Mgr.		50	CZ	zastupitel MČ Praha 8, učitel	Praha	1	1004	1004	A	39	3.02	N	0	0	M	2019	1439
17	11	Miloslav	Čermák			45	CZ	starosta Všestud, podnikatel	Všestudy	535311	99	2	A	8	.62	N	0	0	M	2019	1439
17	12	Michal	Ševčík	Mgr.		33	CZ	zastupitel, technicko-hospodářský pracovník	Brno	3	99	2	A	9	.69	N	0	0	M	2019	1439
17	13	Jan	Neuman	Mgr.		53	CZ	podnikatel	Praha	1	1004	1004	A	10	.77	N	0	0	M	2019	1439
17	14	Jiří	Semmelbauer			42	CZ	živnostník	Příbram	539911	99	1004	A	7	.54	N	0	0	M	2019	1439
17	15	Jaroslav	Tregler			53	CZ	letecký mechanik	Praha	1	99	1004	A	21	1.62	N	0	0	M	2019	1439
17	16	Martina	Horňáková			47	CZ	podnikatelka	Hřebeč	532371	1004	1004	A	10	.77	N	0	0	F	2019	1439
17	17	Jiří	Varga	Bc.		37	CZ	projektant	Sokolov	560286	2	2	A	22	1.7	N	0	0	M	2019	1439
17	18	Karel	Hajoš			46	CZ	živnostník	Praha	1	1004	1004	A	20	1.55	N	0	0	M	2019	1439
17	19	Juraj	Seman			51	CZ	řidič	Brno	3	99	2	A	16	1.24	N	0	0	M	2019	1439
17	20	Ivan	Holkup			30	CZ	manažer	Rožmitál na Šumavě	545775	99	1004	A	8	.62	N	0	0	M	2019	1439
17	21	Libuše	Benešová			55	CZ	OSVČ	Jihlava	586846	99	2	A	2	.15	N	0	0	F	2019	1439
17	22	Milan	Bubal			43	CZ	daňový poradce	České Budějovice	544256	99	1004	A	9	.69	N	0	0	M	2019	1439
17	23	Richard	Tůma			44	CZ	OSVČ	Kutná Hora	533955	99	2	A	10	.77	N	0	0	M	2019	1439
17	24	Daniel	Bobek			45	CZ	živnostník	Praha	1	1004	1004	A	3	.23	N	0	0	M	2019	1439
17	25	Antonín	Krátký			36	CZ	řidič	Hartmanice	536075	2	2	A	12	.93	N	0	0	M	2019	1439
17	26	Zdeněk	Najer			43	CZ	podnikatel	Praha	1	99	1004	A	4	.31	N	0	0	M	2019	1439
17	27	Josef	Štěpánek			56	CZ	OSVČ	Děčín	562335	99	2	A	2	.15	N	0	0	M	2019	1439
17	28	Petr	Pospěch	Ing.		52	CZ	trenér softbalového klubu	Praha	1	99	1004	A	8	.62	N	0	0	M	2019	1439
18	1	Petr	Kováč			46	CZ	podnikatel	Brno	3	1223	1223	A	88	10.52	N	0	0	M	2019	1223
18	3	Lukáš	Dvořák			24	CZ	řidič	Brno	3	1223	1223	A	64	7.65	N	0	0	M	2019	1223
19	1	Václav	Kubata	Ing.		57	CZ	býv. předs. Stálé delegace PČR do PS Rady Evropy	Praha	1	99	785	A	211	2.68	N	0	0	M	2019	785
19	2	Eva	Syková	prof. MUDr.	DrSc.	74	CZ	vědkyně, lékařka, senátorka v období 2012 - 2018	Praha	1	99	785	A	246	3.12	N	0	0	F	2019	785
19	3	Tomáš	Kotora	Ing. Bc.		53	CZ	ředitel plaveckého bazénu Plzeň, ekonom	Plzeň	2	99	785	A	289	3.67	N	0	0	M	2019	785
19	4	Van Sang	Tran	Ing.		33	CZ	majitel integračního centra	Most	567027	99	785	A	620	7.88	N	0	0	M	2019	785
19	5	Alexandr	Chvátal	doc. RNDr.	DrSc., MBA	56	CZ	řídící prac. pro vědu a výzkum v oblasti zdravot.	Praha	1	99	785	A	162	2.05	N	0	0	M	2019	785
19	6	Pavlína	Schwarzová			41	CZ	místostarostka města Nejdek	Nejdek	555380	99	785	A	107	1.35	N	0	0	F	2019	785
19	7	Richard	Matiašek	Mgr.		37	CZ	člen Rady MO Ústí nad Labem, fotograf	Ústí nad Labem	5	99	785	A	237	3.01	N	0	0	M	2019	785
19	8	Ota	Staňo	MUDr.		62	CZ	primář ortopedie	Chomutov	562971	785	785	A	167	2.12	N	0	0	M	2019	785
19	9	Tomáš	Krystl	MUDr.		55	CZ	diabetolog, předs. Výb. pro kulturu a sport Letkov	Letkov	540561	785	785	A	82	1.04	N	0	0	M	2019	785
19	10	Klára	Pohanková	MUDr.		32	CZ	lékařka, Masarykova nemocnice Ústí nad Labem	Ústí nad Labem	5	785	785	A	228	2.89	N	0	0	F	2019	785
19	11	Pavel	Vostřák			46	CZ	hokejový trenér mládeže, býv. reprezentant ČR	Plzeň	2	99	785	A	231	2.93	N	0	0	M	2019	785
19	12	Hana	Nestávalová	MUDr.		65	CZ	lékařka, radiodiagnostika	Chomutov	562971	99	785	A	84	1.06	N	0	0	F	2019	785
19	13	Boris	Kudláček	PhDr.		51	CZ	marketinkový specialista	Vysoké Chvojno	576000	99	785	A	25	.31	N	0	0	M	2019	785
19	14	Věra	Pavlíčková	MUDr.		62	CZ	chirurg, zakladatelka ženského hokeje v Plzni	Plzeň	2	785	785	A	164	2.08	N	0	0	F	2019	785
19	15	Michal	Kasal	Ing.		47	CZ	ekonom, zastupitel města Teplice	Teplice	567442	99	785	A	57	.72	N	0	0	M	2019	785
19	16	Jan	Kuchař			45	CZ	starosta města Františkovy Lázně	Františkovy Lázně	554529	785	785	A	77	.97	N	0	0	M	2019	785
19	17	Miroslava	Průchová	MUDr.		56	CZ	lékařka, předsedkyně spolku Větráme školy	Rokycany	559717	785	785	A	78	.99	N	0	0	F	2019	785
19	18	Aleš	Tolar	Bc.		42	CZ	starosta Městského obvodu Plzeň 9 - Malesice	Plzeň	2	99	785	A	41	.52	N	0	0	M	2019	785
19	19	Michal	Ševcovic	Mgr.		54	CZ	náměs. primátora města Ústí nad Labem, řed. ZŠ	Ústí nad Labem	5	785	785	A	102	1.29	N	0	0	M	2019	785
19	20	Michal	Guse	PhDr.		42	CZ	bývalý mistr ČR v cyklistice, pedagog, trenér	Louny	565971	99	785	A	93	1.18	N	0	0	M	2019	785
19	21	Petr	Benda	Ing.		48	CZ	provozovatel sportovních areálů	Teplice	567442	99	785	A	34	.43	N	0	0	M	2019	785
19	22	Karel	Götz	Mgr.		54	CZ	finanční poradce, fotograf	Plzeň	2	99	785	A	20	.25	N	0	0	M	2019	785
19	23	Helena	Kubcová	Mgr.		63	CZ	pedagog, trenérka	Ústí nad Labem	5	785	785	A	52	.66	N	0	0	F	2019	785
19	24	Pavel	Klepáček	Ing.		50	CZ	místostarosta města Aš	Aš	554499	785	785	A	112	1.42	N	0	0	M	2019	785
19	25	Jan	Postránský	Ing.		42	CZ	ředitel Interhotelu Bohemia	Ústí nad Labem	5	99	785	A	26	.33	N	0	0	M	2019	785
19	26	Jiří	Uhlík		MBA	49	CZ	místostarosta Městský obvod Plzeň 1	Plzeň	2	99	785	A	67	.85	N	0	0	M	2019	785
19	27	Petr	Ajšman			42	CZ	OSVČ, před. míst. sdruž. PRO Zdraví a Sport Toužim	Toužim	555657	785	785	A	74	.94	N	0	0	M	2019	785
19	28	Vlasta	Štochlová			55	CZ	předsedkyně SVJ	Jirkov	563099	99	785	A	37	.47	N	0	0	F	2019	785
21	1	Vladan	Ševčík	Ing.		44	CZ	energetik a jednatel vinařství, člen rady MZH	Olšany	550132	1190	1190	A	193	6.04	N	0	0	Muž	2019	1190
21	2	Miriam	Nývltová Fišáková	RNDr.	Ph.D.	44	CZ	vědecká pracovnice Akademie věd ČR	Brno	3	1190	1190	A	143	4.47	N	0	0	F	2019	1190
21	3	Jiří	Kacetl	PhDr.		43	CZ	zastupitel města a historik	Znojmo	593711	1190	1190	A	275	8.6	N	0	0	M	2019	1190
21	4	Eva	Darmovzalová	Mgr.		39	CZ	zastupitelka obce a učitelka	Bošovice	592919	1190	1190	A	54	1.69	N	0	0	F	2019	1190
21	5	Bohumil	Šuhaj	Mgr.		38	CZ	zastupitel města a učitel	Dačice	546127	1190	1190	A	55	1.72	N	0	0	M	2019	1190
21	6	Lada	Bastlová	Mgr.		39	CZ	zastupitelka obce a soc. prac. v nev. nezisk. org.	Račice-Pístovice	593516	1190	1190	A	60	1.87	N	0	0	F	2019	1190
21	7	Ondřej	Hýsek	Mgr.	Ph.D.	39	CZ	zastup. MČ a zást. ředitele gymnázia, předs. MZH	Brno	3	1190	1190	A	114	3.56	N	0	0	M	2019	1190
21	8	Dana	Staňková	Ing.		36	CZ	podnikatelka v zemědělství	Suchdol nad Lužnicí	547280	1190	1190	A	56	1.75	N	0	0	F	2019	1190
21	9	Milan	Točík	Mgr.		49	CZ	zastupitel města a ředitel gymnázia	Dačice	546127	1190	1190	A	52	1.62	N	0	0	M	2019	1190
21	10	Ondřej	Mlejnek	Mgr.	Ph.D.	37	CZ	zastupitel obce, archeolog a univerzitní učitel	Ochoz u Brna	583537	1190	1190	A	49	1.53	N	0	0	M	2019	1190
21	11	Pavel	Trčala		B.A., M.A.	41	CZ	podnikatel a místopředseda MZH	Brno	3	1190	1190	A	93	2.91	N	0	0	M	2019	1190
21	12	Vladimíra	Melounová			66	CZ	podnikatelka	Brno	3	1190	1190	A	11	.34	N	0	0	F	2019	1190
21	13	Jiří	Kolářský	Mgr. Ing.		61	CZ	právník na rektorátu univerzity a člen rady MZH	Brno	3	1190	1190	A	37	1.15	N	0	0	M	2019	1190
21	14	Jaroslav	Kupka	JUDr.		66	CZ	právník u Veřejného ochránce práv	Vyškov	592889	1190	1190	A	43	1.34	N	0	0	M	2019	1190
21	15	Bohuslav	Klíma	doc. PhDr.	CSc.	69	CZ	archeolog, univerzitní učitel a člen rady MZH	Brno	3	1190	1190	A	51	1.59	N	0	0	M	2019	1190
21	16	Petr	Chňoupek			47	CZ	zastupitel obce a šéfredaktor	Mastník	591122	1190	1190	A	66	2.06	N	0	0	M	2019	1190
21	17	Anna	Ludíková	Mgr.		65	CZ	učitelka	Bošovice	592919	1190	1190	A	22	.68	N	0	0	F	2019	1190
21	18	Jiří	Pelka	Ing.	M.A.	65	CZ	lingvista a člen rady MZH	Staré Město	550752	1190	1190	A	18	.56	N	0	0	M	2019	1190
21	19	Dalimila	Hodaňová	PaedDr.		63	CZ	učitelka	Brno	3	1190	1190	A	15	.46	N	0	0	F	2019	1190
21	20	Zdeněk	Kučírek			63	CZ	důchodce	Jihlava	586846	1190	1190	A	8	.25	N	0	0	M	2019	1190
21	21	Petr	Plchút			41	CZ	přípravář výroby	Třebíč	590266	1190	1190	A	33	1.03	N	0	0	M	2019	1190
21	22	Karel	Šmerda			47	CZ	zámečník	Rousínov	593559	1190	1190	A	37	1.15	N	0	0	M	2019	1190
21	23	Zdeněk	Albrecht	Ing.	CSc.	66	CZ	geograf a kartograf	Brno	3	1190	1190	A	12	.37	N	0	0	M	2019	1190
21	24	Roman	Zahradníček			45	CZ	podnikatel	Brno	3	1190	1190	A	6	.18	N	0	0	M	2019	1190
21	25	Martin	Grepl	Ing.		26	CZ	energetik	Pačlavice	588849	1190	1190	A	23	.71	N	0	0	M	2019	1190
21	26	František	Verbík			22	CZ	pracovník v médiích	Hrušky	584487	1190	1190	A	11	.34	N	0	0	M	2019	1190
21	27	František	Pařízek			74	CZ	strojař - konstruktér	Brno	3	1190	1190	A	12	.37	N	0	0	M	2019	1190
21	28	Bedřich	Němeček			52	CZ	podnikatel	Jihlava	586846	99	1190	A	14	.43	N	0	0	M	2019	1190
22	1	David	Rath	MUDr.		53	CZ	lékař	Hostivice	539244	99	759	A	945	36.22	N	0	0	M	2019	759
22	2	Stanislav	Huml	Mgr.		63	CZ	bezpečnostní expert	Brandýs nad Labem-Stará Boleslav	538094	99	759	A	341	13.07	N	0	0	M	2019	759
22	3	Jana	Volfová	Mgr.		61	CZ	předsedkyně strany, učitelka	Praha	1	759	759	A	128	4.9	N	0	0	F	2019	759
22	4	Jan	Rytíř	JUDr.	Ph.D.	50	CZ	právník	Olomouc	500496	759	759	A	91	3.48	N	0	0	M	2019	759
22	5	Vladimír	Dryml	MUDr.		67	CZ	lékař	Vrchlabí	579858	759	759	A	133	5.09	N	0	0	M	2019	759
22	6	Iva	Procházková			49	CZ	zdravotní sestra	Teplice	567442	759	759	A	27	1.03	N	0	0	F	2019	759
22	7	Karel	Nedbálek	JUDr. Ing.	Ph.D., MBA	62	CZ	právník, ekonom	Zlín	585068	759	759	A	52	1.99	N	0	0	M	2019	759
22	8	Miroslav	Timura	Mgr.		60	CZ	právník	Mnichov	536563	99	759	A	17	.65	N	0	0	M	2019	759
22	9	Jana	Borkovcová	Mgr.		38	CZ	projektová konzultantka	Osová Bítýška	596345	99	759	A	27	1.03	N	0	0	F	2019	759
22	10	Jana	Štablová			49	CZ	prodavačka, invalidní důchodkyně	Ostrava	4	99	759	A	10	.38	N	0	0	F	2019	759
22	11	Roman	Bakala			45	CZ	živnostník	Plzeň	2	99	759	A	14	.53	N	0	0	M	2019	759
22	12	Petr	Hudlík			64	CZ	zastupitel městské části Starý Lískovec	Brno	3	99	759	A	19	.72	N	0	0	M	2019	759
22	13	Roman	Bureš	Ing.		57	CZ	technik	České Budějovice	544256	759	759	A	9	.34	N	0	0	M	2019	759
22	14	Pavel	Havránek			43	CZ	zastupitel obce, IT specialista	Ptice	532789	759	759	A	13	.49	N	0	0	M	2019	759
22	15	Andréa	Komárková			59	CZ	invalidní důchodkyně	Brno	3	99	759	A	10	.38	N	0	0	F	2019	759
22	16	Bohumil	Ferenc			51	CZ	živnostník	Olomouc	500496	759	759	A	21	.8	N	0	0	M	2019	759
22	17	Jiří	Jiskra			39	CZ	automechanik	Mšené-lázně	565318	99	759	A	17	.65	N	0	0	M	2019	759
22	18	Naděžda	Malinová			40	CZ	asistentka podnikatele	Slušovice	585777	759	759	A	15	.57	N	0	0	F	2019	759
22	19	Marek	Vokšay			48	CZ	živnostník	Ústí nad Labem	5	759	759	A	10	.38	N	0	0	M	2019	759
22	20	Josef	Zýka			49	CZ	zastupitel obce	Letkov	540561	759	759	A	5	.19	N	0	0	M	2019	759
22	21	Marek	Maceják			48	CZ	místostarosta obce	Pňovice	552160	99	759	A	13	.49	N	0	0	M	2019	759
22	22	Pavel	Vojík	Ing.		52	CZ	státní zaměstnanec	Úžice	534510	759	759	A	12	.45	N	0	0	M	2019	759
22	23	Libor	Skružný			52	CZ	tiskař	Zlonín	539082	759	759	A	4	.15	N	0	0	M	2019	759
22	24	Milan	Roháč			35	CZ	administrativní pracovník na univerzitě	Praha	1	99	759	A	7	.26	N	0	0	M	2019	759
22	25	Alena	Čáslavská			38	CZ	účetní	Hostivice	539244	99	759	A	34	1.3	N	0	0	F	2019	759
22	26	Gabriela	Hančlová			56	CZ	zaměstnankyně	Zlín	585068	759	759	A	12	.45	N	0	0	F	2019	759
22	27	Radomil	Bek	Bc.		42	CZ	ekonom	Kraslice	560472	99	759	A	10	.38	N	0	0	M	2019	759
22	28	David	Štěpán			55	CZ	předseda strany, učitel	Teplice	567442	155	759	A	26	.99	N	0	0	M	2019	759
23	1	Daniel	Konečný			46	CZ	dotační poradce	Praha	1	1224	1224	A	153	9.25	N	0	0	M	2019	1224
24	1	Pavel	Telička	JUDr.		53	CZ	místopředseda Evropského parlamentu	Jíloviště	539341	1220	1220	A	17448	30.9	N	0	0	M	2019	1220
24	2	Petr	Ježek	Ing.		54	CZ	předseda výboru a delegace Evropského parlamentu	Praha	1	1220	1220	A	3333	5.9	N	0	0	M	2019	1220
24	3	Aleš	Novák	Mgr.	LL.M.	47	CZ	právník, advokát	Malé Kyšice	532631	1220	1220	A	290	.51	N	0	0	M	2019	1220
24	4	Michaela	Tejmlová	Mgr.	LL.M.	42	CZ	právnička, mediátorka a zastup. v Jablonci nad N.	Jablonec nad Nisou	563510	99	1220	A	1484	2.62	N	0	0	F	2019	1220
24	5	Martin	Převrátil	Mgr.		47	CZ	sociolog a zastupitel MČ Praha - Březiněves	Praha	1	1220	1220	A	191	.33	N	0	0	M	2019	1220
24	6	Mona	Nechvátalová	PhDr. Mgr.		58	CZ	právnička a soudní překladatelka	Brno	3	99	1220	A	341	.6	N	0	0	F	2019	1220
24	7	Kateřina	Novotná	Ing.		31	CZ	poradkyně poslance Evropského parlamentu	Praha	1	99	1220	A	492	.87	N	0	0	F	2019	1220
24	8	Michael Pascal	Večeř	Ing. et Ing.		31	CZ	vedoucí odd. rozvoj. proj. ve staveb. na MPO ČR	Praha	1	99	1220	A	225	.39	N	0	0	M	2019	1220
24	9	Michael	Živěla	Mgr. Bc.		28	CZ	právník	Vyškov	592889	1220	1220	A	135	.23	N	0	0	M	2019	1220
24	10	Eva	Jeslínková			39	CZ	zaměstnanec zahr. výboru Evropského parlamentu	Praha	1	99	1220	A	152	.26	N	0	0	F	2019	1220
24	11	Lubomír	Nentvich	Ing.	MBA	60	CZ	ekonom	Praha	1	99	1220	A	78	.13	N	0	0	M	2019	1220
24	12	Jan	Čulík	Mgr.		33	CZ	podnikatel	Tábor	552046	136	1220	A	133	.23	N	0	0	M	2019	1220
24	13	Michaela	Cichoňová	Mgr.		42	CZ	ekolog	Unhošť	533017	99	1220	A	161	.28	N	0	0	F	2019	1220
24	14	Karel	Dvořák	Mgr.		54	CZ	pedagog a mezinárodní rozhodčí	Loděnice	531464	99	1220	A	83	.14	N	0	0	M	2019	1220
24	15	Jakub	Červenka		MSc.	25	CZ	ekonom	Praha	1	99	1220	A	64	.11	N	0	0	M	2019	1220
24	16	Jan	Havlíček	Bc.		29	CZ	podnikatel	Brandýs nad Labem-Stará Boleslav	538094	99	1220	A	46	.08	N	0	0	M	2019	1220
24	17	Lukáš	Zahálka	PharmDr.	Ph.D.	31	CZ	farmaceut	Humpolec	547999	99	1220	A	195	.34	N	0	0	M	2019	1220
24	18	Martin	Jícha			24	CZ	asistent advokáta	Nučice	533548	99	1220	A	55	.09	N	0	0	M	2019	1220
24	19	Ján	Michalčák		MSc.	25	CZ	politolog	Stříbro	561215	1220	1220	A	144	.25	N	0	0	M	2019	1220
24	20	Antonia	Sabathilová			22	CZ	studentka (Physiotherapie)	Janovice nad Úhlavou	556394	99	1220	A	89	.15	N	0	0	F	2019	1220
24	21	Milan	Koláček	Mgr.		26	CZ	advokátní koncipient	Brno	3	99	1220	A	105	.18	N	0	0	M	2019	1220
25	1	Vít	Jedlička	Mgr.		35	CZ	prezident Liberlandu	Praha	1	99	714	A	1711	11.04	N	0	0	M	2019	1440
25	2	Tomáš	Pajonk	Ing.		37	CZ	před. st. Svobodní, podnik., vývojář, kr. zastup.	Zašová	545236	714	714	A	1558	10.05	N	0	0	M	2019	1440
25	3	Boleslav	Buzek			49	CZ	před. str. Radostné Česko, manažer IT společnosti	Frýdlant nad Ostravicí	598143	1184	1184	A	266	1.71	N	0	0	M	2019	1440
25	4	Miroslav	Havrda	MUDr.		55	CZ	lékař, zakladatel podiatrie v ČR	Hradec Králové	569810	714	714	A	336	2.16	N	0	0	M	2019	1440
25	5	David	Pokorný	Bc.		24	CZ	zastupitel města Brna, fyzik	Brno	3	714	714	A	211	1.36	N	0	0	M	2019	1440
25	6	Libor	Vondráček			24	CZ	správce e-shopu, student práv, moderátor rádia	Jindřichův Hradec	545881	714	714	A	378	2.43	N	0	0	M	2019	1440
25	7	Jaroslav	Marsa	Ing.	MBA	58	CZ	projektový manažer	Praha	1	714	714	A	82	.52	N	0	0	M	2019	1440
25	8	Naděžda	Zímová	Ing.		57	CZ	daňová poradkyně	Kladno	532053	1184	1184	A	61	.39	N	0	0	F	2019	1440
25	9	Pavel	Mises	Ing. Mgr.		32	CZ	IT konzultant, zastupitel	Brno	3	714	714	A	108	.69	N	0	0	M	2019	1440
25	10	Terézia	Mlýnková Išková	Mgr.		28	CZ	právnička, radní města Hodonín	Hodonín	547794	714	714	A	187	1.2	N	0	0	F	2019	1440
25	11	Roman	Kříž	Mgr.		51	CZ	živnostník, právník, místop. Spr. rady Mensa gymn.	Praha	1	714	714	A	1003	6.47	N	0	0	M	2019	1440
25	12	Marek	Šoška			21	CZ	zastupitel, referent právního oddělení	Ladná	558443	714	714	A	49	.31	N	0	0	M	2019	1440
25	13	Mojmír	Mikuláš	Ing.		51	CZ	stavební inženýr, zastupitel MČ Praha 3	Praha	1	714	714	A	81	.52	N	0	0	M	2019	1440
25	14	Jiří	Strachota	Mgr.	CSc.	72	CZ	fyzik	Golčův Jeníkov	568635	714	714	A	63	.4	N	0	0	M	2019	1440
25	15	Martin	Baroch	Bc.		47	CZ	podnikatel v geodézii	Kladno	532053	1184	1184	A	51	.32	N	0	0	M	2019	1440
25	16	Jiří	Zapletal	Ing.		38	CZ	jednatel společnosti, administr. zadávacích řízení	Ostrava	4	714	714	A	52	.33	N	0	0	M	2019	1440
25	17	Oldřich	Peprla	Ing.		35	CZ	podnikatel	Brno	3	714	714	A	27	.17	N	0	0	M	2019	1440
25	18	Denisa	Zlámalová			22	CZ	studentka	Brno	3	714	714	A	60	.38	N	0	0	F	2019	1440
25	19	Vítězslav	Stanovský	Bc.		46	CZ	podnikatel	Krnov	597520	714	714	A	35	.22	N	0	0	M	2019	1440
25	20	Roman	Bartolšic	Ing.		26	CZ	manažer	Brno	3	714	714	A	32	.2	N	0	0	M	2019	1440
25	21	Marek	Hejduk	PhDr. Mgr.	LL.M.	30	CZ	ved. odd. práv. odb. správ. agend ÚMČ Praha 4	Praha	1	714	714	A	69	.44	N	0	0	M	2019	1440
25	22	Zenon	Kuder	Ing.		30	CZ	systémový inženýr	Bohumín	599051	714	714	A	29	.18	N	0	0	M	2019	1440
25	23	Michal	Malý			63	CZ	ředitel společnosti	Praha	1	714	714	A	35	.22	N	0	0	M	2019	1440
25	24	Zdeněk	Přikryl	Ing.		53	CZ	majitel obchodu	Pardubice	6	714	714	A	35	.22	N	0	0	M	2019	1440
25	25	Josef	Lebduška	Ing.		68	CZ	soukromý podnikatel	Chrudim	571164	714	714	A	29	.18	N	0	0	M	2019	1440
25	26	Philip	Prentis	Ing.	Ph.D.	38	CZ	programátor	Veselí nad Lužnicí	553271	714	714	A	47	.3	N	0	0	M	2019	1440
25	27	Václav	Veselka	Ing.		28	CZ	marketingový specialista	Praha	1	714	714	A	159	1.02	N	0	0	M	2019	1440
25	28	Vladimír	Gregor	Ing.		61	CZ	ekonom	Děčín	562335	714	714	A	39	.25	N	0	0	M	2019	1440
26	1	Jiří	Pospíšil	JUDr.		43	CZ	právník, př. spr. rady Museum Kampa, europoslanec	Praha	1	721	721	A	37231	13.47	A	2	0	M	2019	659
26	2	Stanislav	Polčák	JUDr.		39	CZ	VŠ pedagog, př. cel. svazu SMS ČR, europoslanec	Praha	1	166	166	A	25352	9.17	A	3	0	M	2019	659
26	3	Luděk	Niedermayer	RNDr.		53	CZ	europoslanec, býv. viceguvernér České nár. banky	Měchenice	539490	721	721	A	67430	24.41	A	1	0	Muž (M)	2019	659
26	4	Radim	Sršeň	Ing.	Ph.D.	39	CZ	starosta, VŠ učitel, zást. ČR ve Výboru regionů EU	Dolní Studénky	553379	166	166	A	10540	3.81	N	0	1	M	2019	659
26	5	Petr	Štěpánek	Mgr.	CSc.	53	CZ	přírodovědec, star. MČ P-4, př. Strany zelených	Praha	1	5	166	A	7848	2.84	N	0	2	M	2019	659
26	6	Marek	Ženíšek	PhDr.	Ph.D.	40	CZ	výkonný ředitel think-tanku TOPAZ, politolog	Plzeň	2	721	721	A	5272	1.9	N	0	3	M	2019	659
26	7	Gabriela	Pecková	MUDr.		62	CZ	lékařka	Praha	1	721	721	A	2138	.77	N	0	4	F	2019	659
26	8	Pavel	Pavel	Ing.		62	CZ	experimentální archeolog	Strakonice	550787	766	166	A	4314	1.56	N	0	5	M	2019	659
26	9	Pavlína	Springerová	Mgr. et Mgr.	Ph.D.	42	CZ	děkanka Filosofické fakulty Univerzity HK	Hradec Králové	569810	1049	166	A	2777	1	N	0	6	F	2019	659
26	10	Kateřina	Bursíková Jacques	PhDr.		47	CZ	ředitelka byznysového a vzdělávacího centra	Praha	1	795	721	A	7681	2.78	N	0	7	F	2019	659
26	11	Vojtěch	Vais			26	CZ	právník	Kosmonosy	570826	721	721	A	1176	.42	N	0	8	M	2019	659
26	12	Petr	Kulhánek	Ing.		48	CZ	personalista, místopř. Svazu měst a obcí pro EU	Karlovy Vary	554961	182	166	A	1122	.4	N	0	9	M	2019	659
26	13	Kryštof	Čižinský	Mgr.		37	CZ	právník	Praha	1	99	721	A	2075	.75	N	0	10	M	2019	659
26	14	Karolína	Žákovská	JUDr.	Ph.D.	43	CZ	právnička, VŠ pedagožka, zast. města Ústí nad L.	Ústí nad Labem	5	5	166	A	3130	1.13	N	0	11	F	2019	659
26	15	Jakub	Hruška	prof. RNDr.	CSc.	54	CZ	přírodovědec, vysokoškolský pedagog	Praha	1	721	721	A	2362	.85	N	0	12	M	2019	659
26	16	Josef	Horinka	Mgr.		50	CZ	starosta Hrádku nad Nisou, zast. Liber. kraje	Hrádek nad Nisou	564095	703	166	A	1106	.4	N	0	13	M	2019	659
26	17	Radovan	Auer			44	CZ	ředitel veletrhu Svět knihy	Šumperk	523704	721	721	A	680	.24	N	0	14	M	2019	659
26	18	Michaela	Opltová	Ing.		33	CZ	starostka obce Kozolupy	Kozolupy	559059	166	166	A	1724	.62	N	0	15	F	2019	659
26	19	Roman	Haken	Mgr. Ing.		56	CZ	poradce, Platforma nestát. neziskových organizací	Praha	1	795	721	A	320	.11	N	0	16	M	2019	659
26	20	Matouš	Vencálek	Mgr.		30	CZ	religionista, před. Strany zelených v Jihomor. kr.	Brno	3	5	166	A	507	.18	N	0	17	M	2019	659
26	21	Lukáš	Otys	Bc.	MBA	34	CZ	mediální konzultant, podnikatel	Karlovy Vary	554961	721	721	A	184	.06	N	0	18	M	2019	659
26	22	Daniel	Černý	Ing.		46	CZ	obchodní ředitel	Chomutov	562971	99	166	A	370	.13	N	0	19	M	2019	659
26	23	Tomáš Ignác	Fénix	Bc.		38	CZ	soukr. ekozemědělec, vicep. Evr. rady ml. zeměděl.	Pravice	594687	721	721	A	1308	.47	N	0	20	M	2019	659
26	24	Hana	Vacková	Ing. Mgr.		64	CZ	středoškolská učitelka	Olomouc	500496	5	166	A	370	.13	N	0	21	F	2019	659
26	25	Terezie	Radoměřská	Mgr.		50	CZ	překladatelka, spisovatelka	Praha	1	721	721	A	483	.17	N	0	22	F	2019	659
26	26	Petr	Kutílek		M.A., M.S.	43	CZ	VŠ učitel, zastupitel, zahraničněpolitický expert	Praha	1	5	166	A	460	.16	N	0	23	M	2019	659
26	27	Radek	Zapletal	Mgr.		47	CZ	technik BOZP a PO, podnikatel	Velký Vřešťov	579793	721	721	A	158	.05	N	0	24	M	2019	659
26	28	Alois	Ullmann			34	CZ	fin. spec. v oboru IT, místopř. strany iČesko	Praha	1	1038	166	A	339	.12	N	0	25	M	2019	659
27	1	Marcel	Kolaja	Bc.		38	CZ	bojovník za otevřený software, manažer	Brno	3	720	720	A	15398	4.65	A	1	0	M	2019	720
27	2	Markéta	Gregorová	Bc.		26	CZ	ukulelistka, předsedkyně Evropské pirátské strany	Brno	3	720	720	A	14158	4.27	A	2	0	F	2019	720
27	3	Mikuláš	Peksa	Mgr.		32	CZ	reprezentant Pirátů v PSP ČR, biofyzik	Litoměřice	564567	720	720	A	9594	2.89	A	3	0	M	2019	720
27	4	Lukáš	Blažej			23	CZ	ekolog, právní asistent se zaměřením na právo ŽP	Ústí nad Labem	5	720	720	A	11316	3.42	N	0	1	M	2019	720
27	5	Jana	Koláříková	Bc.		32	CZ	školitelka vzděl. kurzů pro učitele v rozv. zemích	Písek	549240	720	720	A	3812	1.15	N	0	2	F	2019	720
27	6	Ondřej	Kolek	Ing.	Ph.D.	40	CZ	invenční výzkumník a technolog vývoje	Pěnčín	563749	720	720	A	2461	.74	N	0	3	M	2019	720
27	7	Nina	Špitálníková	Bc.		31	CZ	čl. výzk. centra PRCP, koreanistka, spisovatelka	Kladno	532053	99	720	A	5065	1.53	N	0	4	F	2019	720
27	8	Eva	Tichá	Ing.		57	CZ	aktivistka proti korupci, ekonomka, zastupitelka	Praha	1	720	720	A	4553	1.37	N	0	5	F	2019	720
27	9	Lukáš Lev	Červinka	JUDr.		27	CZ	ústavní právník, analytik AMO se zam. na evr. obr.	Jablonec nad Nisou	563510	720	720	A	3411	1.03	N	0	6	M	2019	720
27	10	Michal	Gill	Bc.		32	CZ	historik, překladatel, mediální analytik	Karviná	598917	720	720	A	881	.26	N	0	7	M	2019	720
27	11	Jiří	Hoskovec	Ing.		27	CZ	forenzní specialista se zaměřením na finan. zločin	Praha	1	720	720	A	2536	.76	N	0	8	M	2019	720
27	12	David František	Wagner	Mgr.		30	CZ	didaktik, poslanecký poradce	Praha	1	720	720	A	1022	.3	N	0	9	M	2019	720
27	13	Michal	Šalomoun	JUDr. MgA.	Ph.D.	44	CZ	advokát se zaměřením na autorské právo, poradce	Třebíč	590266	99	720	A	2344	.7	N	0	10	M	2019	720
27	14	Magdaléna	Daňková	Mgr.		37	CZ	učitelka, zastupitelka města Plzeň	Plzeň	2	720	720	A	1329	.4	N	0	11	F	2019	720
27	15	Matej	Šandor	JUDr. Bc.	Ph.D.	34	SK	právník, manažer, radní Prahy 4	Praha	1	720	720	A	1492	.45	N	0	12	M	2019	720
27	16	Linda	Matušková	PhDr.	Ph.D.	36	CZ	podnikatelka, fotografka, pedagožka na VŠ a VOŠ	Kroměříž	588296	720	720	A	1126	.34	N	0	13	F	2019	720
27	17	Petr	Jirman	Ing.		41	CZ	auditor Evropské komise, externí poradce MF	Jablonec nad Nisou	563510	99	720	A	1870	.56	N	0	14	M	2019	720
27	18	Dan	Leština	Mgr.		29	CZ	výzkumník a doktorand v oboru tropické ekologie	České Budějovice	544256	720	720	A	1305	.39	N	0	15	M	2019	720
27	19	František	Kopřiva			23	CZ	poslanec PSP ČR, člen Výboru pro evr. záležitosti	Mladá Boleslav	535419	720	720	A	773	.23	N	0	16	M	2019	720
27	20	Hynek	Melichar	Mgr.	Ph.D.	36	CZ	univerzitní pedagog mezinár. vztahů a bezpečnosti	Olomouc	500496	720	720	A	1902	.57	N	0	17	M	2019	720
27	21	Jiří	Jansa	Mgr.		34	CZ	pojistný matematik, makroekonom	Chrudim	571164	720	720	A	562	.16	N	0	18	M	2019	720
27	22	Jan	Lička	Ing.		37	CZ	logistik průmyslové výroby a skladování, statkář	Struhařov	530689	720	720	A	372	.11	N	0	19	M	2019	720
27	23	Michael	Polák			45	CZ	provozovatel opt. a bezdrátových sousedských sítí	Praha	1	720	720	A	457	.13	N	0	20	M	2019	720
27	24	Ladislav	Koubek	Ing.		39	CZ	expert OSN na prevenci migrace	Praha	1	720	720	A	1689	.51	N	0	21	M	2019	720
27	25	Pavel	Tauer			50	CZ	majitel prodejny a servisu	Praha	1	720	720	A	386	.11	N	0	22	M	2019	720
27	26	Šimon	Barczi	Ing.	MDP	31	CZ	poradce pro start-upy a projekty dig. ekonomiky	Praha	1	720	720	A	790	.23	N	0	23	M	2019	720
27	27	Miloš	Vlach	Ing.		35	CZ	společník v softwarové firmě, zastupitel Prahy 6	Praha	1	720	720	A	548	.16	N	0	24	M	2019	720
27	28	Jiří	Lehejček	Mgr. Ing.	Ph.D.	32	CZ	viceprezident evr. org. ekologického zemědělství	Strančice	538809	720	720	A	3976	1.2	N	0	25	M	2019	720
28	1	Ivan	David	MUDr.	CSc.	66	CZ	lékař, pedagog	Praha	1	1114	1114	A	33055	15.25	A	2	0	M	2019	1114
28	2	Jan	Hrnčíř	PhDr. Ing. Mgr.	MBA, LL.M.	42	CZ	VŠ pedagog, poslanec PS PČR	Blansko	581283	1114	1114	A	8727	4.02	N	0	1	M	2019	1114
28	3	Jana	Pupavová			34	CZ	účetní	Nové Hrady	544868	1114	1114	A	4298	1.98	N	0	2	F	2019	1114
28	4	Pavel	Dopita	Ing.	LL.M., MBA	54	CZ	IT specialista, VŠ pedagog, zast. města Prostějova	Prostějov	589250	1114	1114	A	3613	1.66	N	0	3	M	2019	1114
28	5	Kamil	Běrský	MUDr.		60	CZ	lékař, zastupitel města Opavy	Opava	8	1114	1114	A	1914	.88	N	0	4	M	2019	1114
28	6	Elvíra	Hahnová	Bc.		41	CZ	zaklad. a řed. o.p.s. pro vzděl. a zaměstnanost	Chomutov	562971	1114	1114	A	2002	.92	N	0	5	F	2019	1114
28	7	Robert	Vašíček	Bc.		39	CZ	mediální poradce, zastup. MČ Praha 11	Praha	1	1114	1114	A	2188	1	N	0	6	M	2019	1114
28	8	Hynek	Blaško	Ing.		63	CZ	generálmajor Armády ČR v.v.	Veltruby	533858	1114	1114	A	47505	21.92	A	1	0	M	2019	1114
28	9	Jiří	Novotný	Bc.		43	CZ	odborný pracovník Úřadu práce ČR	Příbram	539911	1114	1114	A	1005	.46	N	0	7	M	2019	1114
28	10	John	Vostenak	Bc.	MBA	61	CZ	finanční a realitní poradce	Liberec	7	1114	1114	A	550	.25	N	0	8	M	2019	1114
28	11	Ludvík	Lukeš			53	CZ	ředitel hotelu	Kolová	555258	1114	1114	A	370	.17	N	0	9	M	2019	1114
28	12	Radek	Henner	Ing.		55	CZ	plukovník gšt. Armády ČR v.z.	Rybníček	569411	1114	1114	A	3961	1.82	N	0	10	M	2019	1114
28	13	Ivana	Schubert Dickfeld			47	CZ	spisovatelka	Trutnov	579025	1114	1114	A	1388	.64	N	0	11	F	2019	1114
28	14	Petr	Paul	JUDr.		69	CZ	právník, zastupitel města Jihlavy	Jihlava	586846	1114	1114	A	736	.33	N	0	12	M	2019	1114
28	15	Josef	Nos			70	CZ	pedagog, spisovatel, hudebník	Kutná Hora	533955	99	1114	A	3346	1.54	N	0	13	M	2019	1114
28	16	Marie	Pošarová	Ing.		39	CZ	finanční analytička	Klatovy	555771	1114	1114	A	1444	.66	N	0	14	F	2019	1114
28	17	František	Mitterwald			37	CZ	živnostník, tenisový trenér	Kostomlaty pod Milešovkou	567612	1114	1114	A	600	.27	N	0	15	M	2019	1114
28	18	Vlastibor	Čermák	Ing.	CSc.	63	CZ	vysokoškolský pedagog	Vohančice	584134	1114	1114	A	666	.3	N	0	16	M	2019	1114
28	19	Tomáš	Doležal	Ing.		46	CZ	ekonom	Kamenice	538299	1114	1114	A	1155	.53	N	0	17	M	2019	1114
28	20	Jaroslav	Horák	Ing.		67	CZ	soudní znalec v oboru nemov., zast. města Šumperka	Šumperk	523704	1114	1114	A	728	.33	N	0	18	M	2019	1114
28	21	Karel	Schmeidler	doc. Ing. arch. PhDr.	CSc.	68	CZ	architekt - urbanista, sociolog, VŠ pedagog	Brno	3	99	1114	A	1467	.67	N	0	19	M	2019	1114
29	1	Jiří	Černohorský			48	CZ	předseda spolku ČEST, SVOBODA, RESPEKT	Brno	3	99	762	A	542	27.49	N	0	0	M	2019	762
29	2	Jaroslav	Čejka			33	CZ	programátor	Strakonice	550787	99	762	A	141	7.15	N	0	0	M	2019	762
29	3	Jaroslav	Drobný	Ing.		45	CZ	ekonom	Rakovník	541656	762	762	A	38	1.92	N	0	0	M	2019	762
29	4	Radoslav	Štědroň	RNDr.		64	CZ	geograf, přírodovědec	Ostrava	4	159	762	A	47	2.38	N	0	0	M	2019	762
29	5	Milena	Míčová	Mgr.		53	CZ	středoškolská učitelka	Doubravice nad Svitavou	581542	762	762	A	33	1.67	N	0	0	F	2019	762
29	6	Petr	Kania			56	CZ	účetní	Praha	1	762	762	A	2	.1	N	0	0	M	2019	762
29	7	Miroslav	Starý			73	CZ	šéfredaktor Severočeské pravdy	Mimoň	561835	762	762	A	24	1.21	N	0	0	M	2019	762
29	8	Michal	Ondrej	Mgr.		40	CZ	masér	Kardašova Řečice	546542	762	762	A	20	1.01	N	0	0	M	2019	762
29	9	Monika	Kijovská			48	CZ	sociální pracovnice	Havířov	555088	99	762	A	15	.76	N	0	0	F	2019	762
29	10	Zbyněk	Cincibus			77	CZ	místopředseda Klubu českého pohraničí	Česká Lípa	561380	47	762	A	13	.65	N	0	0	M	2019	762
29	11	Ivan	Kratochvíl	Ing.	pplk. v z.	60	CZ	voják	Slaný	532819	762	762	A	44	2.23	N	0	0	M	2019	762
29	12	Irena	Marvanová	Mgr.		56	CZ	středoškolská učitelka	Milevsko	549576	762	762	A	24	1.21	N	0	0	F	2019	762
29	13	Vratislav	Datel	RNDr.	CSc.	72	CZ	podnikatel	Praha	1	99	762	A	5	.25	N	0	0	M	2019	762
29	14	Jana	Hrušková			60	CZ	zpěvačka	Česká Skalice	573990	99	762	A	21	1.06	N	0	0	F	2019	762
29	15	Jiří	Franz			64	CZ	kameraman	Plzeň	2	762	762	A	7	.35	N	0	0	M	2019	762
29	16	Marta	Suzama			60	CZ	korespondent INTERNAT. PRESS EUROP. NEWS AGENCY	Praha	1	99	762	A	4	.2	N	0	0	F	2019	762
29	17	Jakub	Škodík			78	CZ	předseda SPOLKU POŠKOZENÝCH OBČANŮ	Pardubice	6	762	762	A	10	.5	N	0	0	M	2019	762
29	18	Helena	Pavlovcová			62	CZ	zdravotní sestra	Karviná	598917	762	762	A	11	.55	N	0	0	F	2019	762
29	19	Pavel	Mužný	Ing.		67	CZ	informatik	Olomouc	500496	99	762	A	9	.45	N	0	0	M	2019	762
29	20	Břetislav	Svoboda			52	CZ	provozní manažer sportovně-rekreačního areálu	Ostrava	4	99	762	A	2	.1	N	0	0	M	2019	762
29	21	Pavel	Rejf	Ing.	CSc.	68	CZ	vědecký pracovník	Praha	1	47	762	A	10	.5	N	0	0	M	2019	762
29	22	Eva	Hůlková			65	CZ	koordinátorka INSTITUTU ALENY VITÁSKOVÉ	Praha	1	99	762	A	6	.3	N	0	0	F	2019	762
29	23	Jan	Brabec	Ing. Bc.		49	CZ	pojišťovací makléř	Písek	549240	99	762	A	14	.71	N	0	0	M	2019	762
29	24	Ilona	Šedivá			53	CZ	expediční pracovník	Brno	3	99	762	A	3	.15	N	0	0	F	2019	762
29	25	Iva	Valdmanová			63	CZ	podnikatelka	Ostrava	4	99	762	A	2	.1	N	0	0	F	2019	762
29	26	Alice	Vrabcová			53	CZ	podnikatelka	Plzeň	2	762	762	A	5	.25	N	0	0	F	2019	762
29	27	Roman	Poluda			52	CZ	údržbář	Ostrava	4	99	762	A	9	.45	N	0	0	M	2019	762
29	28	Vladimíra	Vítová	PhDr.	Ph.D.	56	CZ	předsedkyně polit. hnutí ALIANCE NÁRODNÍCH SIL	Praha	1	762	762	A	200	10.14	N	0	0	F	2019	762
30	1	Dita	Charanzová			44	CZ	poslankyně Evropského parlamentu	Praha	1	99	768	A	53924	10.73	A	1	0	F	2019	768
30	2	Martina	Dlabajová			42	CZ	poslankyně Evropského parlamentu	Zlín	585068	99	768	A	31401	6.25	A	2	0	F	2019	768
30	3	Martin	Hlaváček	Ing.		39	CZ	ekonom, manažer	Praha	1	99	768	A	5948	1.18	A	3	0	M	2019	768
30	4	Radka	Maxová	Ing.		50	CZ	poslankyně Parlamentu České republiky	Tábor	552046	768	768	A	11286	2.24	A	4	0	F	2019	768
30	5	Ondřej	Knotek	Ing.		34	CZ	průmyslový manažer	Mariánské Lázně	554642	768	768	A	3798	.75	A	5	0	M	2019	768
30	6	Ondřej	Kovařík	Ing.		38	CZ	hlavní poradce delegace ANO v Evropském parlamentu	Velké Karlovice	545163	99	768	A	6867	1.36	A	6	0	M	2019	768
30	7	Karel	Filipčík	Mgr.		43	CZ	ředitel odboru informatiky	Vejprnice	559580	768	768	A	2341	.46	N	0	1	M	2019	768
30	8	Daniel	Struž	Ing.		50	CZ	produktový ředitel	Brno	3	768	768	A	3465	.68	N	0	2	M	2019	768
30	9	Kamila	Bláhová	Mgr.		42	CZ	starostka města	Litvínov	567256	768	768	A	4659	.92	N	0	3	F	2019	768
30	10	Milan	Zavadil			43	CZ	interim manager	Spojil	574198	768	768	A	1090	.21	N	0	4	M	2019	768
30	11	Petra	Bašová			25	CZ	referent na Ministerstvu financí	Náchod	573868	768	768	A	2264	.45	N	0	5	F	2019	768
30	12	Tomáš	Sýkora	Mgr. Ing.		51	CZ	politolog, rozhodce, ekonom	Olomouc	500496	768	768	A	4697	.93	N	0	6	M	2019	768
30	13	Marie	Kaufmann	PhDr.		60	CZ	expertka EU, mezinárodní poradkyně	Městec Králové	537489	768	768	A	2719	.54	N	0	7	F	2019	768
30	14	Petr	Rozmajzl	Ing.		31	CZ	projektový a IT manažer	Chrastava	564117	768	768	A	1341	.26	N	0	8	M	2019	768
30	15	Lukáš	Štěpánek	Ing.	Ph.D., MSc.	37	CZ	ekonom a podnikatel	Praha	1	768	768	A	1751	.34	N	0	9	M	2019	768
30	16	Erik	Mikuš	Ing.	EUR ING	44	CZ	programový manažer ICT	Modřice	583391	768	768	A	1124	.22	N	0	10	M	2019	768
30	17	Jaroslav	Kuchař	Ing.		62	CZ	válečný veterán, OSVČ	Olomouc	500496	768	768	A	2934	.58	N	0	11	M	2019	768
30	18	Jan	Jarolím	Ing.		44	CZ	starosta města	Dvůr Králové nad Labem	579203	768	768	A	2143	.42	N	0	12	M	2019	768
30	19	Marek	Kocánek	Ing.		34	CZ	produktový manažer	Litoměřice	564567	768	768	A	1322	.26	N	0	13	M	2019	768
30	20	Markéta	Plesníková	Bc.		28	CZ	tajemnice	Praha	1	99	768	A	879	.17	N	0	14	F	2019	768
30	21	Lenka	Střálková	Ing.		51	CZ	členka glob. týmu pro komunikaci v nadnár. korp.	Rožnov pod Radhoštěm	544841	768	768	A	2831	.56	N	0	15	F	2019	768
30	22	Marcel	Kaštovský	Ing.	MBA	40	CZ	ekonom	Jindřichův Hradec	545881	768	768	A	1621	.32	N	0	16	M	2019	768
30	23	Lukáš	Fiedler	Mgr.		31	CZ	advokát	Hradec Králové	569810	99	768	A	1152	.22	N	0	17	M	2019	768
30	24	Tomáš	Janča	Ing.		26	CZ	výkonný ředitel společnosti, ekonom	Uherské Hradiště	592005	768	768	A	1503	.29	N	0	18	M	2019	768
30	25	Jaroslav	Kytýr	Ing.		56	CZ	poslanec Parlamentu České republiky	Svitavy	577731	768	768	A	1154	.22	N	0	19	M	2019	768
30	26	Tomáš	Opatrný	Mgr.		34	CZ	advokát	Kroměříž	588296	768	768	A	2057	.4	N	0	20	M	2019	768
30	27	Jan	Řehounek	Ing.		44	CZ	poslanec Parlamentu České republiky	Pardubice	6	768	768	A	2413	.48	N	0	21	M	2019	768
31	1	Pavel	Šrámek	Ing.	MBA	54	CZ	farmář a podnikatel	Plzeň	2	1119	1119	A	488	12.18	N	0	0	M	2019	1119
31	2	Petr	Šrámek	Bc.		24	CZ	farmář a student	Plzeň	2	1119	1119	A	226	5.64	N	0	0	M	2019	1119
31	3	Ivan	Mittner	Ing.		70	CZ	podnikatel	Jaroměřice nad Rokytnou	590754	1119	1119	A	55	1.37	N	0	0	M	2019	1119
31	4	Lukáš	Jícha	Bc.		24	CZ	farmář a student	Chrást	537233	99	1119	A	115	2.87	N	0	0	M	2019	1119
31	5	Jiří	Zýka	Ing.		52	CZ	manažer	Hůry	535753	99	1119	A	65	1.62	N	0	0	M	2019	1119
31	6	Michal	Kaňák	Bc.		24	CZ	projektový manažer	Zruč-Senec	559679	99	1119	A	40	.99	N	0	0	M	2019	1119
31	7	Vladislav	Mittner			43	CZ	office manažer	Praha	1	99	1119	A	24	.59	N	0	0	M	2019	1119
31	8	Martin	Boreček			21	CZ	podnikatel	Líně	559164	99	1119	A	17	.42	N	0	0	M	2019	1119
31	9	Jan	Kocmánek			23	CZ	student	Plzeň	2	99	1119	A	12	.29	N	0	0	M	2019	1119
31	10	Matouš	Rybka		Dis.	24	CZ	podnikatel a student	Plzeň	2	99	1119	A	19	.47	N	0	0	M	2019	1119
31	11	Michaela	Ottová			21	CZ	grafik a student	Pocinovice	554120	99	1119	A	43	1.07	N	0	0	F	2019	1119
31	12	Vojtěch	Dědek	Bc.		23	CZ	student	Kopřivnice	599565	99	1119	A	61	1.52	N	0	0	M	2019	1119
32	1	Tomáš	Ingr			40	CZ	jednatel společnosti, předseda strany Moravané	Pasohlávky	584762	83	83	A	445	6.74	N	0	0	M	2019	83
32	2	Petr	Bystřický			40	CZ	technik kvality, místopředseda strany Moravané	Salaš	592561	83	83	A	176	2.66	N	0	0	M	2019	83
32	3	Jiří	Pernes	doc. PhDr.	Dr.	70	CZ	historik	Brno	3	83	83	A	209	3.16	N	0	0	M	2019	83
32	4	Monika	Hrdličková			28	CZ	asistentka, předsedkyně Mladých Moravanů	Ježkovice	593125	99	83	A	138	2.09	N	0	0	F	2019	83
32	5	Jaromír	Repík			61	CZ	starosta města	Vracov	586765	99	83	A	142	2.15	N	0	0	M	2019	83
32	6	Dušan	Tejkal	Mgr. Bc.		43	CZ	velitel Městské policie	Bouzov	500861	83	83	A	294	4.45	N	0	0	M	2019	83
32	7	František	Novotný			65	CZ	ředitel společnosti, zastupitel města	Hodonín	547794	83	83	A	115	1.74	N	0	0	M	2019	83
32	8	Šárka	Dumišincová			25	CZ	zpěvačka	Hodonín	547794	99	83	A	112	1.69	N	0	0	F	2019	83
32	9	Jiří	Kamp			66	CZ	starosta města	Staré Město	578789	99	83	A	78	1.18	N	0	0	M	2019	83
32	10	Pavel	Dohnal	Ing.		58	CZ	řed. domova pro seniory, čest. před. str. Moravané	Hluk	592170	83	83	A	182	2.75	N	0	0	M	2019	83
32	11	Petr	Mahel			43	CZ	dělník	Malá Morava	540331	83	83	A	94	1.42	N	0	0	M	2019	83
32	12	Aleš	Sekanina	Ing.		55	CZ	elektrotechnik	Bučovice	592943	83	83	A	96	1.45	N	0	0	M	2019	83
32	13	Jaroslav	Pazour	Ing.		82	CZ	projektant energetických zařízení, důchodce	Klentnice	584541	83	83	A	30	.45	N	0	0	M	2019	83
32	14	Ondřej	Hetmánek	Ing. Mgr.		40	CZ	stavební projektant	Ostrava	4	83	83	A	100	1.51	N	0	0	M	2019	83
32	15	Jiří	Mašek			67	CZ	programátor analytik	Hodonín	547794	83	83	A	38	.57	N	0	0	M	2019	83
32	16	Vladimír	Vaculík	Ing.		52	CZ	OSVČ - stavební inženýr, znalec v oboru ekonomika	Uherský Brod	592731	99	83	A	112	1.69	N	0	0	M	2019	83
32	17	Štěpán	Pirnus	Ing.		53	CZ	vedoucí strážník Městské policie	Pohořelice	584801	83	83	A	102	1.54	N	0	0	M	2019	83
32	18	Radim	Vašica	Ing.		39	CZ	projektant	Brno	3	99	83	A	66	1	N	0	0	M	2019	83
32	19	Hana	Bystřická			35	CZ	mateřská dovolená	Salaš	592561	83	83	A	59	.89	N	0	0	F	2019	83
32	20	Robert	Keprt	Mgr.		51	CZ	historik	Brno	3	83	83	A	63	.95	N	0	0	M	2019	83
32	21	Petr	Knap	Mgr.		50	CZ	advokát	Lednice	584631	83	83	A	103	1.56	N	0	0	M	2019	83
32	22	Vladimír	Hanzlík			46	CZ	jednatel společnosti	Bouzov	500861	83	83	A	56	.84	N	0	0	M	2019	83
32	23	Nikola	Tejkalová		MBA	22	CZ	pedagog - psychiatrie/detox VNOL	Újezd	531901	99	83	A	121	1.83	N	0	0	F	2019	83
32	24	Zdeněk	Zbožínek	Ing.		69	CZ	projektant	Brno	3	83	83	A	17	.25	N	0	0	M	2019	83
32	25	Bernard	Franta			73	CZ	důchodce	Boršice	592064	83	83	A	34	.51	N	0	0	M	2019	83
32	26	Jan	Fučík			75	CZ	důchodce	Brno	3	83	83	A	12	.18	N	0	0	M	2019	83
32	27	Jan	Najbrt			62	CZ	technický pracovník	Brno	3	83	83	A	20	.3	N	0	0	M	2019	83
33	1	Matouš	Bulíř			36	CZ	grafik	Liberec	7	1218	1218	A	111	13.15	N	0	0	M	2019	1218
33	2	Anna	Bernardová			36	CZ	specialista zákaznického servisu	Liberec	7	1218	1218	A	79	9.36	N	0	0	F	2019	1218
34	1	Andrea	Bychlová	Mgr. et Mgr.		34	CZ	právnička, před. spolku Německý ovčák v nouzi z.s.	Kamenice	538299	99	715	A	942	6.56	N	0	0	F	2019	715
34	2	Barbora	Tocauerová	Mgr.		43	CZ	tlumočník a lektor cizích jazyků	Opava	8	99	715	A	621	4.33	N	0	0	F	2019	715
34	3	Květa	Vostruhová	Mgr.		32	CZ	učitelka	Český Brod	533271	99	715	A	125	.87	N	0	0	F	2019	715
34	4	Larisa	Zankerová			39	CZ	vedoucí psího domova Pod křídly anděla	Frýdlant nad Ostravicí	598143	99	715	A	763	5.32	N	0	0	F	2019	715
34	5	Petra	Kadlecová			46	CZ	předsedkyně spolku Adámkův zvířecí azyl z.s.	Žatčany	584240	99	715	A	177	1.23	N	0	0	F	2019	715
34	6	Martina	Nováková	PhDr.		36	CZ	klinický psycholog	Plzeň	2	99	715	A	124	.86	N	0	0	F	2019	715
34	7	Jaroslava	Součková	Ing.		53	CZ	ekonomka, 1. místostarostka Pařezova	Pařezov	599182	715	715	A	110	.76	N	0	0	F	2019	715
34	8	Jaroslav	Sepp			46	CZ	šéfkuchař, člen spolku HeRo Pomoc bez hranic z.s.	Litoměřice	564567	99	715	A	203	1.41	N	0	0	M	2019	715
34	9	Petr	Mleziva	Ing.		56	CZ	starosta Chodova	Chodov	553735	715	715	A	114	.79	N	0	0	M	2019	715
34	10	Jan	Havel	Ing.		62	CZ	úředník, vedoucí ubytovacího zařízení	Stanovice	555550	99	715	A	25	.17	N	0	0	M	2019	715
34	11	Jiří	Anderle			49	CZ	zastupitel městysu, předseda DSZ - ZA PRÁVA ZVÍŘAT	Klenčí pod Čerchovem	553794	715	715	A	286	1.99	N	0	0	M	2019	715
34	12	Jana	Grusová			37	CZ	ošetřovatelka v psím domově Pod křídly anděla	Pňovice	552160	99	715	A	502	3.5	N	0	0	F	2019	715
34	13	Iveta	Košnarová			33	CZ	studentka fakulty agrobiologie	Trutnov	579025	99	715	A	106	.73	N	0	0	F	2019	715
34	14	Blanka	Schröpferová			42	CZ	vedoucí záchranné stanice S.O.S. Život pro koně	Mířkov	553956	715	715	A	260	1.81	N	0	0	F	2019	715
34	15	Romana	Cerhová			53	CZ	ošetřovatelka koní, obchodní zástupce	Plzeň	2	99	715	A	99	.69	N	0	0	F	2019	715
34	16	Renata	Sajdlová			51	CZ	asistentka ředitele	Zásada	563854	99	715	A	24	.16	N	0	0	F	2019	715
34	17	Zdeněk	Tomka			22	CZ	student Vysoké školy ekonomické	Letohrad	580538	99	715	A	84	.58	N	0	0	M	2019	715
34	18	Erika	Mirvaldová			46	CZ	v domácnosti	Brno	3	99	715	A	24	.16	N	0	0	F	2019	715
34	19	Miroslava	Cihlářová			58	CZ	OSVČ, fyzioterapeut	Chomutov	562971	99	715	A	37	.25	N	0	0	F	2019	715
34	20	Jan	Sladký			65	CZ	OSVČ, místopř. DSZ - ZA PRÁVA ZVÍŘAT	Domažlice	553425	715	715	A	114	.79	N	0	0	M	2019	715
34	21	Marta	Zajíčková			67	CZ	v důchodu, strážník	Praha	1	99	715	A	20	.13	N	0	0	F	2019	715
34	22	Eva	Důrasová			57	CZ	přípravář výroby	Břvany	566063	99	715	A	15	.1	N	0	0	F	2019	715
34	23	Jaroslava	Jeřábková			62	CZ	OSVČ	Plzeň	2	99	715	A	10	.06	N	0	0	F	2019	715
34	24	Monika	Feixová			36	CZ	výrobce bižuterie	Držkov	563561	99	715	A	43	.29	N	0	0	F	2019	715
34	25	Jana	Müllerová			45	CZ	administrátor	Dobřany	557676	99	715	A	8	.05	N	0	0	F	2019	715
34	26	Adéla	Máčiková	Ing.		31	CZ	marketingový pracovník	Praha	1	99	715	A	31	.21	N	0	0	F	2019	715
34	27	Jitka	Kůtová			42	CZ	technik, členka spolku Klatovské kočky z.s.	Kdyně	553786	99	715	A	134	.93	N	0	0	F	2019	715
34	28	Monika	Fenderlová			53	CZ	v domácnosti	Praha	1	99	715	A	12	.08	N	0	0	F	2019	715
35	1	Jaroslav	Bašta	Bc.		71	CZ	publicista, diplomat	Praha	1	99	1179	A	345	13.35	N	0	0	M	2019	1179
35	2	Martin	Mařák			46	CZ	obchodní zástupce	Ostrava	4	1179	1179	A	85	3.29	N	0	0	M	2019	1179
35	3	Josef	Prokeš	Ing.		67	CZ	brigádní generál v.v.	Slaný	532819	99	1179	A	173	6.69	N	0	0	M	2019	1179
35	4	Michaela	Šímová	Ing.		52	CZ	podnikatelka	Praha	1	1179	1179	A	42	1.62	N	0	0	F	2019	1179
35	5	Miroslav	Chocholáček	Ing.		71	CZ	vojenský pilot, plukovník v.v.	Drahňovice	532151	1179	1179	A	134	5.18	N	0	0	M	2019	1179
35	6	Martina	Šebestová			45	CZ	jednatelka společnosti	České Budějovice	544256	724	1179	A	63	2.43	N	0	0	F	2019	1179
35	7	Rudolf	Mládek	Mgr. Ing.		62	CZ	právník	Praha	1	99	1179	A	26	1	N	0	0	M	2019	1179
35	8	Petr	Smorádek	Mgr.		31	CZ	strážník MP Mníšek pod Brdy	Mníšek pod Brdy	540765	1179	1179	A	36	1.39	N	0	0	M	2019	1179
35	9	Tomáš	Maitner	Ing.		63	CZ	státní zaměstnanec	Slaný	532819	1179	1179	A	18	.69	N	0	0	M	2019	1179
35	10	Jan	Kůrka			75	CZ	olympionik - důchodce	Plzeň	2	724	1179	A	58	2.24	N	0	0	M	2019	1179
35	11	Věstislav	Křenek	Ing.		67	CZ	OSVČ	Domažlice	553425	1179	1179	A	21	.81	N	0	0	M	2019	1179
35	12	Jan	Boleslavský			47	CZ	marketingový konzultant	Praha	1	1179	1179	A	16	.61	N	0	0	M	2019	1179
35	13	Jiří	Osadník	Mgr.		65	CZ	právník	Nový Jičín	599191	1179	1179	A	19	.73	N	0	0	M	2019	1179
35	14	Miroslav	Břeň	Ing.		68	CZ	bezpečnostní analytik	Slaný	532819	1179	1179	A	33	1.27	N	0	0	M	2019	1179
35	15	Stanislav	Brídzik			59	CZ	technik elektroservisu	Nový Jičín	599191	1179	1179	A	22	.85	N	0	0	M	2019	1179
35	16	Aleš	Pauly	Mgr.		54	CZ	záchranář	Lučany nad Nisou	563692	1179	1179	A	58	2.24	N	0	0	M	2019	1179
35	17	Stanislav	Kvasnička	Mgr.		56	CZ	učitel ZŠ	Planá	535176	1179	1179	A	57	2.2	N	0	0	M	2019	1179
35	18	Otokar	Baroš			67	CZ	starobní důchodce	Nový Jičín	599191	1179	1179	A	9	.34	N	0	0	M	2019	1179
35	19	Otakar	Němec	Doc. Ing.		65	CZ	profesor VŠE Praha	Praha	1	99	1179	A	34	1.31	N	0	0	M	2019	1179
35	20	Imrich	Vetrák	Ing.		59	CZ	státní zaměstnanec	Slaný	532819	99	1179	A	21	.81	N	0	0	M	2019	1179
35	21	Jan	Dlouhý	Ing.		55	CZ	skladník	Zemětice	558591	1179	1179	A	13	.5	N	0	0	M	2019	1179
35	22	Alena	Strzelcová			56	CZ	příslušník ostrahy objektů	Ostrava	4	1179	1179	A	13	.5	N	0	0	F	2019	1179
35	23	Václav	Vojtěch			52	CZ	námořník	Konstantinovy Lázně	560952	1179	1179	A	22	.85	N	0	0	M	2019	1179
35	24	Jiří	Ptáček	Bc.	Dis.	51	CZ	bezpečnostní manažer	Zeleneč	539066	1179	1179	A	10	.38	N	0	0	M	2019	1179
35	25	Jiří	Martínek			44	CZ	řidič MHD	Ostrava	4	1179	1179	A	28	1.08	N	0	0	M	2019	1179
35	26	Petr	Šindelář	Ing.	Ph.D.	73	CZ	starobní důchodce	Plzeň	2	1179	1179	A	6	.23	N	0	0	M	2019	1179
35	27	Roman	Šromota			49	CZ	pokrývač	Ostrava	4	1179	1179	A	23	.89	N	0	0	M	2019	1179
35	28	Miroslav	Schötta			66	CZ	starobní důchodce	Plzeň	2	1179	1179	A	9	.34	N	0	0	M	2019	1179
36	1	Josef	Valihrach			30	CZ	trojnásobný Vinař roku ČR, vítěz Farmy roku 2018	Krumvíř	584584	99	716	A	1776	20.36	N	0	0	M	2019	1390
36	2	Liana	Janáčková	Ing. arch.		65	CZ	zastupitelka, senátorka 2004-2010	Ostrava	4	88	88	A	753	8.63	N	0	0	F	2019	1390
36	3	Zdeněk	Šťástka	Ing.		53	CZ	ekonom, překladatel, správce vojenského skanzenu	Čestlice	538141	1173	716	A	99	1.13	N	0	0	M	2019	1390
36	4	Martin	Bílek	Bc.		41	CZ	živnostník, lektor AJ, před. Asociace lektorů AJ	Brníčko	530727	99	716	A	167	1.91	N	0	0	M	2019	1390
36	5	Miroslav	Chlubna	Mgr.		45	CZ	starosta města Orlová	Orlová	599069	88	88	A	155	1.77	N	0	0	M	2019	1390
36	6	Pavel	Janoš			60	CZ	živnostník, cukrář, perníkář roku 1998	Němčice	572870	99	716	A	115	1.31	N	0	0	M	2019	1390
36	7	Martin	Polášek	Mgr. Bc.		47	CZ	starosta obce Těrlicko	Těrlicko	599158	88	88	A	133	1.52	N	0	0	M	2019	1390
36	8	Hana	Moudrá	Mgr.		53	CZ	vedoucí odboru, předs. strany v Královéhrad. kraji	Hradec Králové	569810	716	716	A	90	1.03	N	0	0	F	2019	1390
36	9	David	Plandor	Ing.	Ph.D.	38	CZ	IT spec., zastup., star. města Štramberk 2014-18	Štramberk	599948	88	88	A	187	2.14	N	0	0	M	2019	1390
36	10	Jiří	Šebesta			54	CZ	podnikatel, místopř. Asoc. výr. zbraní a střeliva	Praha	1	99	716	A	397	4.55	N	0	0	M	2019	1390
36	11	Ivo	Syřiště	PhDr.	Ph.D.	54	CZ	pedagog Univerzity Karlovy	Praha	1	716	716	A	67	.76	N	0	0	M	2019	1390
36	12	Taťána	Míčková Muchová			55	CZ	živnostn., real. makléřka, čl. Žen živnostnic 2014	Valašské Meziříčí	545058	716	716	A	62	.71	N	0	0	F	2019	1390
36	13	Renata	Bačíková	Bc.		36	CZ	OSVČ, poradenství, čl. Žen živnostnic 2014	Praha	1	99	716	A	61	.69	N	0	0	F	2019	1390
36	14	Zdeněk	Renc			72	CZ	živnostník, oční optik a optometrista	Rakovník	541656	716	716	A	43	.49	N	0	0	M	2019	1390
36	15	Petr	Becher			64	CZ	majitel naklad. Librex Publishing, zastupitel	Ostrava	4	88	88	A	74	.84	N	0	0	M	2019	1390
36	16	Aleš	Volovec			46	CZ	ředitel odboru Univerzity obrany, zastupitel	Brno	3	716	716	A	71	.81	N	0	0	M	2019	1390
36	17	Otto	Jarolímek	RNDr.	CSc.	58	CZ	fyzik, pedagog Technické univerzity v Liberci	Turnov	577626	716	716	A	82	.94	N	0	0	M	2019	1390
36	18	Robert	Kaše	Mgr.		51	CZ	advokát, předseda strany v Plzni	Plzeň	2	716	716	A	92	1.05	N	0	0	M	2019	1390
36	19	Jiří	Císař			63	CZ	živnostník, zasloužilý mistr sportu, mistr světa	Praha	1	716	716	A	64	.73	N	0	0	M	2019	1390
36	20	Petr	Maxa	Ing.		47	CZ	řed. Dopravního podniku, zastupitel města Chlumec	Chlumec	536229	99	88	A	22	.25	N	0	0	M	2019	1390
36	21	Patrik	Brablík	Mgr.		40	CZ	OSVČ, lekt. činnost v oblasti výuky cizích jazyků	České Budějovice	544256	716	716	A	32	.36	N	0	0	M	2019	1390
36	22	Vojtěch	Marvan	Mgr.		31	CZ	živnostník, marketingový specialista, radní města	Klášterec nad Ohří	563129	716	716	A	96	1.1	N	0	0	M	2019	1390
36	23	Jan	Tóth			46	CZ	živnostník, učitel, člen zastupitelstva	Nejdek	555380	716	716	A	44	.5	N	0	0	M	2019	1390
36	24	Jana	Kagramanovová			37	CZ	jednatelka firmy, realitní makléřka	Rychvald	599107	1201	716	A	34	.38	N	0	0	F	2019	1390
36	25	Roman	Slavík			55	CZ	živnostník, trafikant, trenér hokejové mládeže	Praha	1	716	716	A	18	.2	N	0	0	M	2019	1390
36	26	Lubomír	Doležel	Mgr.		51	CZ	starosta města Fryšták	Fryšták	585211	99	88	A	53	.6	N	0	0	M	2019	1390
36	27	Jaromír	Kuba	Bc.		37	CZ	OSVČ, specialista na informační bezpečnost	Pardubice	6	716	716	A	48	.55	N	0	0	M	2019	1390
36	28	Ladislav	Linek	Ing.		60	CZ	živnostník, 1. místopředseda strany, zastupitel	Praha	1	716	716	A	54	.61	N	0	0	M	2019	1390
37	1	Jaromír	Štětina			76	CZ	europoslanec, spisovatel, novinář	Praha	1	1219	1219	A	2925	23.23	N	0	0	M	2019	1219
37	2	Jan	Povýšil			37	CZ	paralympionik, fotograf	Praha	1	99	1219	A	1266	10.05	N	0	0	M	2019	1219
37	3	Petr	Fischer	Mgr. et Mgr.		49	CZ	filosof, publicista	Praha	1	99	1219	A	1522	12.09	N	0	0	M	2019	1219
37	4	Jana	Spekhorstová	Dipl. Päd.		46	CZ	hudební pedagožka, viceprez. Evropské unie žen	Stařeč	591742	1219	1219	A	493	3.91	N	0	0	F	2019	1219
37	5	Leoš	Fučík			65	CZ	ředitel ústavu Opus Lacrimosa, z. ú.	Brno	3	99	1219	A	47	.37	N	0	0	M	2019	1219
37	6	Jana	Fašinová	Mgr.		44	CZ	finanční poradce v Evropském parlamentu	Pavlov	532711	99	1219	A	428	3.4	N	0	0	F	2019	1219
37	7	Ondřej	Zeman			23	CZ	student, živnostník	Ivančice	583120	99	1219	A	120	.95	N	0	0	M	2019	1219
37	8	Jan	Chytil			33	CZ	asistent europoslance, ekonom	Praha	1	1219	1219	A	115	.91	N	0	0	M	2019	1219
37	9	Viera	Křížová	MUDr.		65	CZ	primářka Gastroenterologického centra	Roztoky	539627	99	1219	A	148	1.17	N	0	0	F	2019	1219
37	10	Vladimír	Skalla	Mgr.		45	CZ	jednatel sítě soukr. středních a základních škol	Praha	1	721	1219	A	37	.29	N	0	0	M	2019	1219
37	11	Tereza	Bártová	Mgr.		27	CZ	právnička	Výprachtice	581178	99	1219	A	164	1.3	N	0	0	F	2019	1219
37	12	Michaela	Šédová	Mgr.		46	CZ	středoškolská učitelka	Praha	1	99	1219	A	72	.57	N	0	0	F	2019	1219
37	13	Matyáš	Hájek			23	CZ	fotograf, student Technické fakulty Liberec	Praha	1	99	1219	A	44	.34	N	0	0	M	2019	1219
37	14	Jana	Dvořáková			23	CZ	specialistka PR a marketingu, studentka	Třebíč	590266	99	1219	A	65	.51	N	0	0	F	2019	1219
37	15	Petra	Antonová	MUDr.	MBA	49	CZ	vedoucí lékařka neinvazivní kardiologie FN Motol	Praha	1	99	1219	A	137	1.08	N	0	0	F	2019	1219
37	16	Aleš	Jaluška	Mgr.		71	CZ	duchovní Církve československé husitské	Lomnice nad Popelkou	577308	99	1219	A	112	.88	N	0	0	M	2019	1219
37	17	Michal	Bulant	Bc.		23	CZ	student ekonomie	Třebíč	590266	99	1219	A	48	.38	N	0	0	M	2019	1219
37	18	Stanislava	Šimková	Mgr.		53	CZ	speciální pedagog	Praha	1	99	1219	A	24	.19	N	0	0	F	2019	1219
37	19	Pavlina	Hájková	Mgr. et Mgr.	MPA	57	CZ	vedoucí kanceláře europoslance	Praha	1	1219	1219	A	68	.54	N	0	0	F	2019	1219
37	20	Jakub	Dostál			28	CZ	PR Jeden svět na školách, Člověk v tísni	Praha	1	99	1219	A	65	.51	N	0	0	M	2019	1219
37	21	Tereza	Bočanová			31	CZ	středoškolská učitelka na Gymnáziu Thomase Manna	Praha	1	99	1219	A	61	.48	N	0	0	F	2019	1219
37	22	Martin	Rýznar			21	CZ	student VŠE v Praze	Praha	1	99	1219	A	66	.52	N	0	0	M	2019	1219
37	23	Jiří	Kučera			49	CZ	ředitel Consulting Services	Mnichovice	530191	99	1219	A	21	.16	N	0	0	M	2019	1219
37	24	Ivana	Mádrová			67	CZ	manažer, ekonom	Praha	1	99	1219	A	54	.42	N	0	0	F	2019	1219
37	25	Milan	Piskáček			35	CZ	truhlářství podlahářství, OSVČ	Ústí nad Labem	5	99	1219	A	18	.14	N	0	0	M	2019	1219
37	26	Radek	Novotný			48	CZ	výtvarník, marketingový specialista	Brno	3	99	1219	A	22	.17	N	0	0	M	2019	1219
38	1	Pavel	Poláček	Ing.	CSc.	80	CZ	jednatel společnosti	Praha	1	99	123	A	20	8.51	N	0	0	M	2019	123
38	2	František	Němec	Mgr. Bc.		42	CZ	jednatel spol., předs. KONZERVATIVNÍ ALTERNATIVY	Praha	1	123	123	A	13	5.53	N	0	0	M	2019	123
38	3	Jiří	Daněk			49	CZ	ekonom, člen Italsko-české obch. a průmysl. komory	Praha	1	99	123	A	10	4.25	N	0	0	M	2019	123
38	4	Zdeněk	Dýčka	Ing.		57	CZ	ekonom	Klášterec nad Ohří	563129	123	123	A	10	4.25	N	0	0	M	2019	123
38	5	Antonín	Šmídek	Ing.		35	CZ	vedoucí projektu	Praha	1	99	123	A	9	3.82	N	0	0	M	2019	123
38	6	Ladislav	Béňa			55	CZ	zaměstnanec České pošty	Praha	1	99	123	A	5	2.12	N	0	0	M	2019	123
38	7	Michal	Čmejrek			39	CZ	podnikatel	Praha	1	123	123	A	4	1.7	N	0	0	M	2019	123
38	8	Luděk	Holeček			60	CZ	člen zemědělského družstva	Čtveřín	544531	99	123	A	7	2.97	N	0	0	M	2019	123
39	1	Pavel	Svoboda	Doc. JUDr.	Ph.D., D.E.A.	57	CZ	poslanec Evropského parlamentu	Praha	1	1	1	A	21821	12.7	N	0	1	M	2019	1
39	2	Tomáš	Zdechovský	Mgr.		39	CZ	poslanec Evropského parlamentu	Hradec Králové	569810	1	1	A	24823	14.45	A	1	0	M	2019	1
39	3	Michaela	Šojdrová	Ing.		55	CZ	poslankyně Evropského parlamentu	Kroměříž	588296	1	1	A	22649	13.18	A	2	0	F	2019	1
39	4	Jaroslav	Suchý	Mgr.		48	CZ	učitel angličtiny, člen Rady města Brna	Brno	3	1	1	A	5208	3.03	N	0	3	M	2019	1
39	5	Ondřej	Benešík	Mgr.		42	CZ	poslanec PS PČR, předs. výboru pro evrop. záležit.	Strání	592617	1	1	A	4396	2.55	N	0	4	M	2019	1
39	6	František	Talíř	Bc.		25	CZ	historik a moderátor	Zubčice	545872	1	1	A	9757	5.68	N	0	2	M	2019	1
39	7	Lukáš	Curylo	Mgr.		45	CZ	1. náměstek hejtmana MSK, ředitel Charity	Ostrava	4	1	1	A	2812	1.63	N	0	5	M	2019	1
39	8	Nina	Nováková	Mgr.		65	CZ	SŠ pedagožka, předsedkyně Středoevropské inspirace	Brandýs nad Labem-Stará Boleslav	538094	99	1	A	2507	1.45	N	0	6	F	2019	1
39	9	Eduard	Hulicius	Mgr.	M.A.	38	CZ	člen kabinetu evropské komisařky	Praha	1	1	1	A	545	.31	N	0	7	M	2019	1
39	10	Hayato	Okamura	Mgr.		52	CZ	tlumočník a průvodce	Praha	1	1	1	A	7511	4.37	N	0	8	M	2019	1
39	11	Lukáš	Pachta	Bc.	M.A.	37	CZ	politolog a poradce europoslankyně	Praha	1	1	1	A	264	.15	N	0	9	M	2019	1
39	12	Pavel	Kopeček	MUDr.		53	CZ	ortoped	Ratíškovice	586510	1	1	A	1696	.98	N	0	10	M	2019	1
39	13	Eva	Šillerová	Ing.		36	CZ	ekonomická ředitelka	Havířov	555088	1	1	A	925	.53	N	0	11	F	2019	1
39	14	Petr	Vysloužil	Mgr. Ing.		49	CZ	agronom	Bedihošť	589268	1	1	A	496	.28	N	0	12	M	2019	1
39	15	Josef	Ulrich	Mgr.	MBA	43	CZ	finanční manažer	Praha	1	1	1	A	94	.05	N	0	13	M	2019	1
39	16	Jiří	Witzany	Prof. RNDr.	Ph.D.	53	CZ	vysokoškolský učitel	Praha	1	129	1	A	727	.42	N	0	14	M	2019	1
39	17	Jan	Málek	Mgr. et Mgr.		33	CZ	politolog, analytik Evropské akad. pro demokracii	Přibyslav	574368	1	1	A	638	.37	N	0	15	M	2019	1
39	18	Petr	Krátký	JUDr.		44	CZ	právník, manažer, místopředseda Koruny České	Praha	1	55	1	A	521	.3	N	0	16	M	2019	1
39	19	Markéta	Filipová		M.A.	27	CZ	manažerka zahranič. vztahů KDU-ČSL, překladatelka	Boršov nad Vltavou	544299	1	1	A	1207	.7	N	0	17	F	2019	1
39	20	Zdeňka	Rybová			40	CZ	místopředsedkyně Hnutí Pro život ČR	Praha	1	24	1	A	2567	1.49	N	0	18	F	2019	1
39	21	Miloš	Pešek	Prof. MUDr.	CSc.	68	CZ	přednosta kliniky, vědec, pedagog	Plzeň	2	1	1	A	834	.48	N	0	19	M	2019	1
39	22	Rudolf	Havelka	Mgr.	Ph.D.	37	CZ	ředitel městského muzea	Hradec Králové	569810	1	1	A	254	.14	N	0	20	M	2019	1
39	23	Lukáš	Vermach	Mgr.	Ph.D.	33	CZ	matematik, konzultant v oblasti IT a teorie rizika	Praha	1	99	1	A	382	.22	N	0	21	M	2019	1
39	24	David	Surý	Mgr.		35	CZ	uvolněný čl. Rady města pro ŽP, majetek města a IT	Uherský Brod	592731	1	1	A	428	.24	N	0	22	M	2019	1
39	25	Hana	Bellová	Mgr.	B.A.	44	CZ	podnikatelka a překladatelka	Dolní Bečva	541800	1	1	A	426	.24	N	0	23	F	2019	1
39	26	Vojtěch	Marek	Mgr.		27	CZ	IT specialista a demograf	Heřmanův Městec	571385	1	1	A	375	.21	N	0	24	M	2019	1
39	27	Jan	Borguľa	Ing.		44	CZ	ředitel rodinné stavební firmy	Ondřejov	538582	1	1	A	337	.19	N	0	25	M	2019	1
39	28	Daniel	Herman	Mgr.		56	CZ	lektor a politik	Praha	1	1	1	A	8459	4.92	N	0	26	M	2019	1
40	1	Klára Alžběta	Samková	JUDr.		56	CZ	advokátka	Praha	1	99	1052	A	3890	33.16	N	0	0	F	2019	1052
40	2	Luděk	Nezmar	Ing. Mgr.	MBA	47	CZ	podnikatel, IT specialista	Psáry	539597	1052	1052	A	238	2.02	N	0	0	M	2019	1052
40	3	Ivan	Hrbek	Ing.	pplk. v.v.	66	CZ	zemědělský poradce a farmář, pedagog	Hvozd	589560	99	1052	A	297	2.53	N	0	0	M	2019	1052
40	4	Milan	Vodička	Ing.	CSc.	69	CZ	ekonom, manažer a soudní znalec	Říčany	538728	99	1052	A	92	.78	N	0	0	M	2019	1052
40	5	Richard	Novák	JUDr.		57	CZ	advokát	Velké Němčice	585009	1121	1052	A	216	1.84	N	0	0	M	2019	1052
40	6	Lubomír	Volný	Mgr.		45	CZ	poslanec PS PČR, učitel	Ostrava	4	1225	1052	A	999	8.51	N	0	0	M	2019	1052
40	7	Miroslav	Červenka	Mgr.		63	CZ	podnikatel	Děčín	562335	99	1052	A	61	.52	N	0	0	M	2019	1052
40	8	Vojtěch	Merunka	doc. Ing.	Ph.D.	52	CZ	VŠ učitel, IT specialista na umělou inteligenci	Praha	1	99	1052	A	174	1.48	N	0	0	M	2019	1052
40	9	Zdeněk	Pernica			32	CZ	trenér bojových sportů, boxer	Brno	3	1121	1052	A	252	2.14	N	0	0	M	2019	1052
40	10	Lenka	Klímková			36	CZ	personalistka v IT	Sokolov	560286	1052	1052	A	83	.7	N	0	0	F	2019	1052
40	11	Hynek	Charous			48	CZ	pilot závodních vozů	Brno	3	99	1052	A	126	1.07	N	0	0	M	2019	1052
40	12	Marian	Bojko			56	CZ	poslanec PS PČR, báňský záchranář	Karviná	598917	1225	1052	A	338	2.88	N	0	0	M	2019	1052
40	13	Marie	Čapková	Ing.		58	CZ	referent firemní péče v telekomunikačních službách	Jeníkovice	575135	99	1052	A	61	.52	N	0	0	F	2019	1052
40	14	Tomáš	Houška	PaedDr.		55	CZ	pedagog, režisér, scénárista	Praha	1	99	1052	A	47	.4	N	0	0	M	2019	1052
40	15	Jiří	Brančík	PhDr.	pplk. v.v.	70	CZ	primář psycholog. odd. Voj. nemocnice v Brně	Brno	3	99	1052	A	146	1.24	N	0	0	M	2019	1052
40	16	Irena	Steinhauserová	Ing.		58	CZ	koordinátorka domác. vzdělávání, psych. v hospici	Strmilov	547239	99	1052	A	80	.68	N	0	0	F	2019	1052
40	17	David	Nepimach			45	CZ	majitel autoservisu, podnikatel	Zlín	585068	99	1052	A	71	.6	N	0	0	M	2019	1052
40	18	Pavel	Havlíček			56	CZ	řezník, předseda Asociace živnostníků ČR	Klatovy	555771	99	1052	A	88	.75	N	0	0	M	2019	1052
40	19	Jitka	Tatíčková	Ing.		49	CZ	finanční manažerka	Voděrádky	999997	99	1052	A	35	.29	N	0	0	F	2019	1052
40	20	Zuzana	Moučková			34	CZ	farmářka	Drysice	593010	99	1052	A	75	.63	N	0	0	F	2019	1052
40	21	František	Petrík	Ing.		58	CZ	obchodní manažer	Liberec	7	99	1052	A	28	.23	N	0	0	M	2019	1052
40	22	Ludvík	Kummer	Mgr.		58	CZ	advokát	Brno	3	1121	1052	A	40	.34	N	0	0	M	2019	1052